PuzzleName,Solver,Solved,HintCount,HintVariance,DifficultyScore,Run1(ms),Run2(ms),Run3(ms),Run4(ms),Run5(ms),BestTime(ms),WorstTime(ms),AverageTime(ms),NumberOfGuesses,PropagationDepth,OriginalPuzzle,Solution
Puzzle_1,Backtracking,Yes,24,1.10,30.33,17,8,10,7,9,7,17,10,2359,56,100030000000600090084052030000000007205009480000020050010000605070000000009400020,126938574537614892984752136391845267265379481748126359813297645472563918659481723
Puzzle_1,ConstraintPropagation,Yes,24,1.10,30.33,24,13,6,18,9,6,24,14,6,56,100030000000600090084052030000000007205009480000020050010000605070000000009400020,167938542523674198984152736891345267235769481746821359418293675372586914659417823
Puzzle_1,DPLLSAT,Yes,24,1.10,30.33,103,56,62,42,41,41,103,60,6,729,100030000000600090084052030000000007205009480000020050010000605070000000009400020,126938574537614892984752136391845267265379481748126359813297645472563918659481723
Puzzle_1,DLX,Yes,24,1.10,30.33,2,0,1,0,1,0,2,0,111,57,100030000000600090084052030000000007205009480000020050010000605070000000009400020,167938542523674198984152736891345267235769481746821359418293675372586914659417823
Puzzle_2,Backtracking,Yes,23,1.21,31.84,23,18,19,18,15,15,23,18,6689,57,700010000000530000086090000009000020000008000320400010600000450000000130047080200,732814965914536782586792341879153624461928573325467819693271458258649137147385296
Puzzle_2,ConstraintPropagation,Yes,23,1.21,31.84,12,9,12,10,8,8,12,10,33,57,700010000000530000086090000009000020000008000320400010600000450000000130047080200,732814965914536782586792341879153624461928573325467819693271458258649137147385296
Puzzle_2,DPLLSAT,Yes,23,1.21,31.84,55,40,42,37,35,35,55,41,2,729,700010000000530000086090000009000020000008000320400010600000450000000130047080200,732814965914536782586792341879153624461928573325467819693271458258649137147385296
Puzzle_2,DLX,Yes,23,1.21,31.84,0,0,1,0,0,0,1,0,64,58,700010000000530000086090000009000020000008000320400010600000450000000130047080200,732814965914536782586792341879153624461928573325467819693271458258649137147385296
Puzzle_3,Backtracking,Yes,23,1.04,30.06,6,5,6,5,3,3,6,5,4892,57,007420000010900000000001030000800720040070580300000010030060000900030050000009001,857423196613987245429651837596814723142376589378592614234165978961738452785249361
Puzzle_3,ConstraintPropagation,Yes,23,1.04,30.06,8,2,2,4,3,2,8,3,12,57,007420000010900000000001030000800720040070580300000010030060000900030050000009001,857423196613987245429651837596814723142376589378592614234165978961738452785249361
Puzzle_3,DPLLSAT,Yes,23,1.04,30.06,41,38,37,36,55,36,55,41,6,729,007420000010900000000001030000800720040070580300000010030060000900030050000009001,857423196613987245429651837596814723142376589378592614234165978961738452785249361
Puzzle_3,DLX,Yes,23,1.04,30.06,0,0,1,0,0,0,1,0,61,58,007420000010900000000001030000800720040070580300000010030060000900030050000009001,857423196613987245429651837596814723142376589378592614234165978961738452785249361
Puzzle_4,Backtracking,Yes,25,1.18,30.76,5,3,2,4,2,2,5,3,1390,55,002008609050300000004105000000000176000002040070000805060900000020010000910050700,132748659657329481894165237249583176581672943376491825468937512725816394913254768
Puzzle_4,ConstraintPropagation,Yes,25,1.18,30.76,2,2,2,2,2,2,2,2,4,55,002008609050300000004105000000000176000002040070000805060900000020010000910050700,132748659657329481894165237249583176581672943376491825468937512725816394913254768
Puzzle_4,DPLLSAT,Yes,25,1.18,30.76,37,38,32,37,36,32,38,36,2,729,002008609050300000004105000000000176000002040070000805060900000020010000910050700,132748659657329481894165237249583176581672943376491825468937512725816394913254768
Puzzle_4,DLX,Yes,25,1.18,30.76,2,0,0,1,0,0,2,0,56,56,002008609050300000004105000000000176000002040070000805060900000020010000910050700,132748659657329481894165237249583176581672943376491825468937512725816394913254768
Puzzle_5,Backtracking,Yes,24,1.28,32.18,5,4,4,5,4,4,5,4,4549,56,408200000209700000030100000000305120041000609000000000000000418007020090500000002,478256931219734586635189274896345127341872659752691843923567418167428395584913762
Puzzle_5,ConstraintPropagation,Yes,24,1.28,32.18,1,2,2,2,1,1,2,1,2,56,408200000209700000030100000000305120041000609000000000000000418007020090500000002,478256931219734586635189274896345127341872659752691843923567418167428395584913762
Puzzle_5,DPLLSAT,Yes,24,1.28,32.18,37,40,41,38,35,35,41,38,2,729,408200000209700000030100000000305120041000609000000000000000418007020090500000002,478256931219734586635189274896345127341872659752691843923567418167428395584913762
Puzzle_5,DLX,Yes,24,1.28,32.18,0,2,0,0,0,0,2,0,57,57,408200000209700000030100000000305120041000609000000000000000418007020090500000002,478256931219734586635189274896345127341872659752691843923567418167428395584913762
Puzzle_6,Backtracking,Yes,25,1.06,29.61,125,115,118,120,119,115,125,119,240047,55,006903008000000200000050960000065000600004001005009020000090003301000000420010680,746923518958671234213458967134265879692784351875139426567892143381546792429317685
Puzzle_6,ConstraintPropagation,Yes,25,1.06,29.61,3,4,3,3,2,2,4,3,16,55,006903008000000200000050960000065000600004001005009020000090003301000000420010680,746923518958671234213458967134265879692784351875139426567892143381546792429317685
Puzzle_6,DPLLSAT,Yes,25,1.06,29.61,41,40,33,36,36,33,41,37,5,729,006903008000000200000050960000065000600004001005009020000090003301000000420010680,746923518958671234213458967134265879692784351875139426567892143381546792429317685
Puzzle_6,DLX,Yes,25,1.06,29.61,1,0,0,0,0,0,1,0,87,56,006903008000000200000050960000065000600004001005009020000090003301000000420010680,746923518958671234213458967134265879692784351875139426567892143381546792429317685
Puzzle_7,Backtracking,Yes,23,0.71,26.96,80,87,78,77,81,77,87,80,136429,57,007006090000000200005009000320000000001090008000208307010460700080000030000070006,847526193193784265265139874328647951471395628659218347512463789786951432934872516
Puzzle_7,ConstraintPropagation,Yes,23,0.71,26.96,15,20,15,12,10,10,20,14,230,57,007006090000000200005009000320000000001090008000208307010460700080000030000070006,847526193193784265265139874328647951471395628659218347512463789786951432934872516
Puzzle_7,DPLLSAT,Yes,23,0.71,26.96,42,39,40,39,39,39,42,39,10,729,007006090000000200005009000320000000001090008000208307010460700080000030000070006,847526193193784265265139874328647951471395628659218347512463789786951432934872516
Puzzle_7,DLX,Yes,23,0.71,26.96,0,0,0,0,1,0,1,0,149,58,007006090000000200005009000320000000001090008000208307010460700080000030000070006,847526193193784265265139874328647951471395628659218347512463789786951432934872516
Puzzle_8,Backtracking,Yes,23,0.86,28.36,70,76,74,72,74,70,76,73,145759,57,009000200080200600000107000500006040000000000020504960000040013702000000030800005,379465281185293674264187539517926348496738152823514967958642713742351896631879425
Puzzle_8,ConstraintPropagation,Yes,23,0.86,28.36,2,3,2,2,2,2,3,2,10,57,009000200080200600000107000500006040000000000020504960000040013702000000030800005,379465281185293674264187539517926348496738152823514967958642713742351896631879425
Puzzle_8,DPLLSAT,Yes,23,0.86,28.36,37,36,35,36,35,35,37,35,6,729,009000200080200600000107000500006040000000000020504960000040013702000000030800005,379465281185293674264187539517926348496738152823514967958642713742351896631879425
Puzzle_8,DLX,Yes,23,0.86,28.36,0,0,0,0,0,0,0,0,92,58,009000200080200600000107000500006040000000000020504960000040013702000000030800005,379465281185293674264187539517926348496738152823514967958642713742351896631879425
Puzzle_9,Backtracking,Yes,25,1.12,30.20,6,4,5,5,4,4,6,4,4646,55,000010020000000584000700000509000003800609200006005100000500000300021970080040010,465318729713296584928754631579182463841639257236475198197563842354821976682947315
Puzzle_9,ConstraintPropagation,Yes,25,1.12,30.20,2,2,2,1,3,1,3,2,4,55,000010020000000584000700000509000003800609200006005100000500000300021970080040010,465318729713296584928754631579182463841639257236475198197563842354821976682947315
Puzzle_9,DPLLSAT,Yes,25,1.12,30.20,38,37,36,31,35,31,38,35,1,729,000010020000000584000700000509000003800609200006005100000500000300021970080040010,465318729713296584928754631579182463841639257236475198197563842354821976682947315
Puzzle_9,DLX,Yes,25,1.12,30.20,0,1,0,0,0,0,1,0,56,56,000010020000000584000700000509000003800609200006005100000500000300021970080040010,465318729713296584928754631579182463841639257236475198197563842354821976682947315
Puzzle_10,Backtracking,Yes,23,1.02,29.91,27,29,28,28,27,27,29,27,57909,57,800020000391000000060309050180000700009800200000400500000080000050007080400000010,845726139391548672267319854184295763579863241623471598716984325952137486438652917
Puzzle_10,ConstraintPropagation,Yes,23,1.02,29.91,4,5,4,4,3,3,5,4,87,57,800020000391000000060309050180000700009800200000400500000080000050007080400000010,845726139391548672267319854184295763579863241623471598716984325952137486438652917
Puzzle_10,DPLLSAT,Yes,23,1.02,29.91,39,35,33,34,34,33,39,35,1,729,800020000391000000060309050180000700009800200000400500000080000050007080400000010,845726139391548672267319854184295763579863241623471598716984325952137486438652917
Puzzle_10,DLX,Yes,23,1.02,29.91,0,0,0,0,1,0,1,0,64,58,800020000391000000060309050180000700009800200000400500000080000050007080400000010,845726139391548672267319854184295763579863241623471598716984325952137486438652917
Puzzle_11,Backtracking,Yes,24,1.07,30.06,1,2,5,4,2,1,5,2,748,56,600207000000000005015000079000075490003980000000100000028000000030000500004008610,689257134372419865415863279861375492243986751957142386528631947136794528794528613
Puzzle_11,ConstraintPropagation,Yes,24,1.07,30.06,3,2,2,3,4,2,4,2,17,56,600207000000000005015000079000075490003980000000100000028000000030000500004008610,689257134372419865415863279861375492243986751957142386528631947136794528794528613
Puzzle_11,DPLLSAT,Yes,24,1.07,30.06,38,37,36,34,36,34,38,36,6,729,600207000000000005015000079000075490003980000000100000028000000030000500004008610,689257134372419865415863279861375492243986751957142386528631947136794528794528613
Puzzle_11,DLX,Yes,24,1.07,30.06,0,2,0,0,0,0,2,0,100,57,600207000000000005015000079000075490003980000000100000028000000030000500004008610,689257134372419865415863279861375492243986751957142386528631947136794528794528613
Puzzle_12,Backtracking,Yes,24,1.02,29.50,3,2,2,2,1,1,3,2,323,56,006804300090010000400007020030080001508000040000006000250900070080072000000300000,726894315893215467415637829632489751578123946149756238254968173381572694967341582
Puzzle_12,ConstraintPropagation,Yes,24,1.02,29.50,2,2,2,3,2,2,3,2,11,56,006804300090010000400007020030080001508000040000006000250900070080072000000300000,726894315893215467415637829632489751578123946149756238254968173381572694967341582
Puzzle_12,DPLLSAT,Yes,24,1.02,29.50,36,37,38,34,35,34,38,36,2,729,006804300090010000400007020030080001508000040000006000250900070080072000000300000,726894315893215467415637829632489751578123946149756238254968173381572694967341582
Puzzle_12,DLX,Yes,24,1.02,29.50,0,0,0,0,0,0,0,0,91,57,006804300090010000400007020030080001508000040000006000250900070080072000000300000,726894315893215467415637829632489751578123946149756238254968173381572694967341582
Puzzle_13,Backtracking,Yes,23,1.04,30.06,4,4,4,4,3,3,4,3,3986,57,000020060004080009000073040305009000408000100000000300009000070040000086070002001,581924763734685219962173845315749628498236157627851394159368472243517986876492531
Puzzle_13,ConstraintPropagation,Yes,23,1.04,30.06,3,3,2,3,4,2,4,3,27,57,000020060004080009000073040305009000408000100000000300009000070040000086070002001,581924763734685219962173845315749628498236157627851394159368472243517986876492531
Puzzle_13,DPLLSAT,Yes,23,1.04,30.06,37,35,35,34,33,33,37,34,2,729,000020060004080009000073040305009000408000100000000300009000070040000086070002001,581924763734685219962173845315749628498236157627851394159368472243517986876492531
Puzzle_13,DLX,Yes,23,1.04,30.06,0,0,0,0,0,0,0,0,86,58,000020060004080009000073040305009000408000100000000300009000070040000086070002001,581924763734685219962173845315749628498236157627851394159368472243517986876492531
Puzzle_14,Backtracking,Yes,24,0.77,27.09,14,15,14,14,16,14,16,14,26888,56,000065000005000800109704000700300000040100039090000060004003090600500008000020700,478265913265931874139784625752396481846157239391842567584673192627519348913428756
Puzzle_14,ConstraintPropagation,Yes,24,0.77,27.09,5,0,11,5,6,0,11,5,80,56,000065000005000800109704000700300000040100039090000060004003090600500008000020700,478265913265931874139784625752396481846157239391842567584673192627519348913428756
Puzzle_14,DPLLSAT,Yes,24,0.77,27.09,41,38,39,38,57,38,57,42,14,729,000065000005000800109704000700300000040100039090000060004003090600500008000020700,478265913265931874139784625752396481846157239391842567584673192627519348913428756
Puzzle_14,DLX,Yes,24,0.77,27.09,0,0,0,0,0,0,0,0,296,57,000065000005000800109704000700300000040100039090000060004003090600500008000020700,478265913265931874139784625752396481846157239391842567584673192627519348913428756
Puzzle_15,Backtracking,Yes,23,0.81,27.89,6,6,5,5,13,5,13,7,5457,57,020010007400090050009000000050026040008040010300500000000000800000908000907000103,826415937413792658579683421751826349268349715394571286645137892132968574987254163
Puzzle_15,ConstraintPropagation,Yes,23,0.81,27.89,2,2,3,2,2,2,3,2,15,57,020010007400090050009000000050026040008040010300500000000000800000908000907000103,826415937413792658579683421751826349268349715394571286645137892132968574987254163
Puzzle_15,DPLLSAT,Yes,23,0.81,27.89,40,37,39,39,37,37,40,38,10,729,020010007400090050009000000050026040008040010300500000000000800000908000907000103,826415937413792658579683421751826349268349715394571286645137892132968574987254163
Puzzle_15,DLX,Yes,23,0.81,27.89,0,0,0,0,1,0,1,0,129,58,020010007400090050009000000050026040008040010300500000000000800000908000907000103,826415937413792658579683421751826349268349715394571286645137892132968574987254163
Puzzle_16,Backtracking,Yes,24,1.01,29.47,3,2,2,2,2,2,3,2,877,56,007430000000705009009001006020000060080040000004000085060027000000000102002000054,617439528248765319359281746723958461586142937194376285461527893835694172972813654
Puzzle_16,ConstraintPropagation,Yes,24,1.01,29.47,0,3,2,2,3,0,3,2,4,56,007430000000705009009001006020000060080040000004000085060027000000000102002000054,617439528248765319359281746723958461586142937194376285461527893835694172972813654
Puzzle_16,DPLLSAT,Yes,24,1.01,29.47,36,33,35,39,36,33,39,35,3,729,007430000000705009009001006020000060080040000004000085060027000000000102002000054,617439528248765319359281746723958461586142937194376285461527893835694172972813654
Puzzle_16,DLX,Yes,24,1.01,29.47,0,0,0,0,0,0,0,0,71,57,007430000000705009009001006020000060080040000004000085060027000000000102002000054,617439528248765319359281746723958461586142937194376285461527893835694172972813654
Puzzle_17,Backtracking,Yes,23,0.92,28.97,3,3,4,3,3,3,4,3,2684,57,600001300008000409000000000060038700040000020509007001070500080200090010004000000,695841372718352469423679158162438795847915623539267841371524986286793514954186237
Puzzle_17,ConstraintPropagation,Yes,23,0.92,28.97,4,2,2,3,2,2,4,2,13,57,600001300008000409000000000060038700040000020509007001070500080200090010004000000,695841372718352469423679158162438795847915623539267841371524986286793514954186237
Puzzle_17,DPLLSAT,Yes,23,0.92,28.97,35,39,34,35,35,34,39,35,3,729,600001300008000409000000000060038700040000020509007001070500080200090010004000000,695841372718352469423679158162438795847915623539267841371524986286793514954186237
Puzzle_17,DLX,Yes,23,0.92,28.97,0,0,0,0,0,0,0,0,67,58,600001300008000409000000000060038700040000020509007001070500080200090010004000000,695841372718352469423679158162438795847915623539267841371524986286793514954186237
Puzzle_18,Backtracking,Yes,22,0.99,29.95,119,123,125,122,119,119,125,121,267119,58,105000090000004600000600000000000007000913060090000052400070000810030020006008000,165782493278394615943651278681245937752913864394867152429576381817439526536128749
Puzzle_18,ConstraintPropagation,Yes,22,0.99,29.95,4,6,5,6,3,3,6,4,26,58,105000090000004600000600000000000007000913060090000052400070000810030020006008000,165782493278394615943651278681245937752913864394867152429576381817439526536128749
Puzzle_18,DPLLSAT,Yes,22,0.99,29.95,39,39,36,39,36,36,39,37,9,729,105000090000004600000600000000000007000913060090000052400070000810030020006008000,165782493278394615943651278681245937752913864394867152429576381817439526536128749
Puzzle_18,DLX,Yes,22,0.99,29.95,0,0,0,0,0,0,0,0,61,59,105000090000004600000600000000000007000913060090000052400070000810030020006008000,165782493278394615943651278681245937752913864394867152429576381817439526536128749
Puzzle_19,Backtracking,Yes,24,1.01,29.47,4,4,2,3,3,2,4,3,2757,56,100700035045000000700000620000401000050030006000000007006009100401008050008007000,129764835645283971783915624862471593957832416314596287276359148431628759598147362
Puzzle_19,ConstraintPropagation,Yes,24,1.01,29.47,3,3,4,3,3,3,4,3,21,56,100700035045000000700000620000401000050030006000000007006009100401008050008007000,129764835645283971783915624862471593957832416314596287276359148431628759598147362
Puzzle_19,DPLLSAT,Yes,24,1.01,29.47,35,35,36,34,33,33,36,34,1,729,100700035045000000700000620000401000050030006000000007006009100401008050008007000,129764835645283971783915624862471593957832416314596287276359148431628759598147362
Puzzle_19,DLX,Yes,24,1.01,29.47,1,0,0,0,0,0,1,0,57,57,100700035045000000700000620000401000050030006000000007006009100401008050008007000,129764835645283971783915624862471593957832416314596287276359148431628759598147362
Puzzle_20,Backtracking,Yes,24,1.27,32.11,16,19,20,18,18,16,20,18,26146,56,060005070400000065000000820500306200000800000080009000003100087906002050001000000,168235479432978165795461823517346298629817534384529716253194687946782351871653942
Puzzle_20,ConstraintPropagation,Yes,24,1.27,32.11,3,3,5,3,3,3,5,3,45,56,060005070400000065000000820500306200000800000080009000003100087906002050001000000,168235479432978165795461823517346298629817534384529716253194687946782351871653942
Puzzle_20,DPLLSAT,Yes,24,1.27,32.11,35,36,34,35,34,34,36,34,5,729,060005070400000065000000820500306200000800000080009000003100087906002050001000000,168235479432978165795461823517346298629817534384529716253194687946782351871653942
Puzzle_20,DLX,Yes,24,1.27,32.11,0,0,0,0,0,0,0,0,135,57,060005070400000065000000820500306200000800000080009000003100087906002050001000000,168235479432978165795461823517346298629817534384529716253194687946782351871653942
Puzzle_21,Backtracking,Yes,22,0.89,29.04,4,4,4,7,4,4,7,4,2976,58,008600090000003400000070200060020001300060000421000008045000007000000030000900010,738642195512893476694571283867429351359168742421735968945316827176284539283957614
Puzzle_21,ConstraintPropagation,Yes,22,0.89,29.04,4,5,6,6,5,4,6,5,78,58,008600090000003400000070200060020001300060000421000008045000007000000030000900010,738642195512893476694571283867429351359168742421735968945316827176284539283957614
Puzzle_21,DPLLSAT,Yes,22,0.89,29.04,39,35,39,35,36,35,39,36,6,729,008600090000003400000070200060020001300060000421000008045000007000000030000900010,738642195512893476694571283867429351359168742421735968945316827176284539283957614
Puzzle_21,DLX,Yes,22,0.89,29.04,0,2,0,0,0,0,2,0,197,59,008600090000003400000070200060020001300060000421000008045000007000000030000900010,738642195512893476694571283867429351359168742421735968945316827176284539283957614
Puzzle_22,Backtracking,Yes,23,0.94,29.11,4,3,4,6,3,3,6,4,3216,57,000090001070063204300008000020000090060804000001000000507000009000000640008100005,486297531179563284352418967724651893965834712831729456547386129213975648698142375
Puzzle_22,ConstraintPropagation,Yes,23,0.94,29.11,3,4,4,3,3,3,4,3,28,57,000090001070063204300008000020000090060804000001000000507000009000000640008100005,486297531179563284352418967724651893965834712831729456547386129213975648698142375
Puzzle_22,DPLLSAT,Yes,23,0.94,29.11,35,35,36,39,40,35,40,37,1,729,000090001070063204300008000020000090060804000001000000507000009000000640008100005,486297531179563284352418967724651893965834712831729456547386129213975648698142375
Puzzle_22,DLX,Yes,23,0.94,29.11,0,0,0,0,0,0,0,0,74,58,000090001070063204300008000020000090060804000001000000507000009000000640008100005,486297531179563284352418967724651893965834712831729456547386129213975648698142375
Puzzle_23,Backtracking,Yes,20,0.90,29.85,149,148,139,141,140,139,149,143,262421,60,000000200080007090602000500070060000000901000000020040005000603090400070006000000,957613284483257196612849537178364952524971368369528741845792613291436875736185429
Puzzle_23,ConstraintPropagation,Yes,20,0.90,29.85,11,12,11,11,10,10,12,11,172,60,000000200080007090602000500070060000000901000000020040005000603090400070006000000,957613284483257196612849537178364952524971368369528741845792613291436875736185429
Puzzle_23,DPLLSAT,Yes,20,0.90,29.85,46,43,42,43,45,42,46,43,21,729,000000200080007090602000500070060000000901000000020040005000603090400070006000000,957613284483257196612849537178364952524971368369528741845792613291436875736185429
Puzzle_23,DLX,Yes,20,0.90,29.85,0,0,0,0,0,0,0,0,189,61,000000200080007090602000500070060000000901000000020040005000603090400070006000000,957613284483257196612849537178364952524971368369528741845792613291436875736185429
Puzzle_24,Backtracking,Yes,25,1.02,29.14,3,3,2,3,2,2,3,2,2191,55,000270100000008000803006409005001080004090002070000000000502700500069000430000500,956274138741938265823156479365421987184793652279685341698542713517369824432817596
Puzzle_24,ConstraintPropagation,Yes,25,1.02,29.14,2,3,3,2,1,1,3,2,5,55,000270100000008000803006409005001080004090002070000000000502700500069000430000500,956274138741938265823156479365421987184793652279685341698542713517369824432817596
Puzzle_24,DPLLSAT,Yes,25,1.02,29.14,39,35,35,34,35,34,39,35,0,729,000270100000008000803006409005001080004090002070000000000502700500069000430000500,956274138741938265823156479365421987184793652279685341698542713517369824432817596
Puzzle_24,DLX,Yes,25,1.02,29.14,0,0,0,0,0,0,0,0,56,56,000270100000008000803006409005001080004090002070000000000502700500069000430000500,956274138741938265823156479365421987184793652279685341698542713517369824432817596
Puzzle_25,Backtracking,Yes,23,1.16,31.34,2,1,2,2,2,1,2,1,435,57,000040957000010400007200080001050000002073008900000100000000000500002004300009006,123648957895317462647295381781956243452173698936824175278461539569732814314589726
Puzzle_25,ConstraintPropagation,Yes,23,1.16,31.34,5,0,4,2,2,0,5,2,5,57,000040957000010400007200080001050000002073008900000100000000000500002004300009006,123648957895317462647295381781956243452173698936824175278461539569732814314589726
Puzzle_25,DPLLSAT,Yes,23,1.16,31.34,37,35,35,34,34,34,37,35,0,729,000040957000010400007200080001050000002073008900000100000000000500002004300009006,123648957895317462647295381781956243452173698936824175278461539569732814314589726
Puzzle_25,DLX,Yes,23,1.16,31.34,0,0,0,0,0,0,0,0,58,58,000040957000010400007200080001050000002073008900000100000000000500002004300009006,123648957895317462647295381781956243452173698936824175278461539569732814314589726
Puzzle_26,Backtracking,Yes,22,0.97,29.74,158,156,158,157,157,156,158,157,279829,58,008010000057030406040000000800000002020100090000400000000000850000365004100000070,698514237257839416341627985816953742524176398973482561462791853789365124135248679
Puzzle_26,ConstraintPropagation,Yes,22,0.97,29.74,1,2,4,1,3,1,4,2,9,58,008010000057030406040000000800000002020100090000400000000000850000365004100000070,698514237257839416341627985816953742524176398973482561462791853789365124135248679
Puzzle_26,DPLLSAT,Yes,22,0.97,29.74,38,35,34,32,34,32,38,34,0,729,008010000057030406040000000800000002020100090000400000000000850000365004100000070,698514237257839416341627985816953742524176398973482561462791853789365124135248679
Puzzle_26,DLX,Yes,22,0.97,29.74,0,0,0,0,0,0,0,0,59,59,008010000057030406040000000800000002020100090000400000000000850000365004100000070,698514237257839416341627985816953742524176398973482561462791853789365124135248679
Puzzle_27,Backtracking,Yes,23,0.95,29.24,6,4,5,4,4,4,6,4,4460,57,700050602001008000005900010300000085000307000600000201002400003009000000000010007,783154692961238574245976318324691785518327469697845231172469853459783126836512947
Puzzle_27,ConstraintPropagation,Yes,23,0.95,29.24,2,1,2,2,2,1,2,1,3,57,700050602001008000005900010300000085000307000600000201002400003009000000000010007,783154692961238574245976318324691785518327469697845231172469853459783126836512947
Puzzle_27,DPLLSAT,Yes,23,0.95,29.24,37,36,34,34,34,34,37,35,0,729,700050602001008000005900010300000085000307000600000201002400003009000000000010007,783154692961238574245976318324691785518327469697845231172469853459783126836512947
Puzzle_27,DLX,Yes,23,0.95,29.24,0,0,0,0,0,0,0,0,58,58,700050602001008000005900010300000085000307000600000201002400003009000000000010007,783154692961238574245976318324691785518327469697845231172469853459783126836512947
Puzzle_28,Backtracking,Yes,23,1.20,31.68,4,3,4,3,3,3,4,3,3287,57,000350760008109000000000000200000100004008000701500000100000009070903000306000480,419352768628179543537486921283697154954218637761534892142865379875943216396721485
Puzzle_28,ConstraintPropagation,Yes,23,1.20,31.68,3,3,2,2,2,2,3,2,27,57,000350760008109000000000000200000100004008000701500000100000009070903000306000480,419352768628179543537486921283697154954218637761534892142865379875943216396721485
Puzzle_28,DPLLSAT,Yes,23,1.20,31.68,37,35,35,33,33,33,37,34,0,729,000350760008109000000000000200000100004008000701500000100000009070903000306000480,419352768628179543537486921283697154954218637761534892142865379875943216396721485
Puzzle_28,DLX,Yes,23,1.20,31.68,0,0,0,0,0,0,0,0,58,58,000350760008109000000000000200000100004008000701500000100000009070903000306000480,419352768628179543537486921283697154954218637761534892142865379875943216396721485
Puzzle_29,Backtracking,Yes,24,1.01,29.42,15,15,15,17,14,14,17,15,26282,56,000007000001560000000000937360000000008002006490050001000000079640010000080076000,924837165731569248856124937365781492178492356492653781513248679647915823289376514
Puzzle_29,ConstraintPropagation,Yes,24,1.01,29.42,2,2,3,3,2,2,3,2,21,56,000007000001560000000000937360000000008002006490050001000000079640010000080076000,924837165731569248856124937365781492178492356492653781513248679647915823289376514
Puzzle_29,DPLLSAT,Yes,24,1.01,29.42,35,37,33,36,36,33,37,35,0,729,000007000001560000000000937360000000008002006490050001000000079640010000080076000,924837165731569248856124937365781492178492356492653781513248679647915823289376514
Puzzle_29,DLX,Yes,24,1.01,29.42,0,0,0,0,0,0,0,0,57,57,000007000001560000000000937360000000008002006490050001000000079640010000080076000,924837165731569248856124937365781492178492356492653781513248679647915823289376514
Puzzle_30,Backtracking,Yes,23,0.98,29.55,72,80,84,74,73,72,84,76,143781,57,070000090000100060390000000700000000003000500000760320040001080000205004506004070,671352498485197263392846751729513846863429517154768329247631985918275634536984172
Puzzle_30,ConstraintPropagation,Yes,23,0.98,29.55,2,4,3,1,2,1,4,2,10,57,070000090000100060390000000700000000003000500000760320040001080000205004506004070,671352498485197263392846751729513846863429517154768329247631985918275634536984172
Puzzle_30,DPLLSAT,Yes,23,0.98,29.55,36,39,32,35,36,32,39,35,0,729,070000090000100060390000000700000000003000500000760320040001080000205004506004070,671352498485197263392846751729513846863429517154768329247631985918275634536984172
Puzzle_30,DLX,Yes,23,0.98,29.55,0,0,0,0,0,0,0,0,58,58,070000090000100060390000000700000000003000500000760320040001080000205004506004070,671352498485197263392846751729513846863429517154768329247631985918275634536984172
Puzzle_31,Backtracking,Yes,23,1.13,31.00,25,24,26,24,24,24,26,24,47169,57,300004000090000145006000000000000007800000234050097000000900000010000086000208910,325814679798623145146579328631482597879156234254397861483961752912735486567248913
Puzzle_31,ConstraintPropagation,Yes,23,1.13,31.00,2,4,3,3,3,2,4,3,32,57,300004000090000145006000000000000007800000234050097000000900000010000086000208910,325814679798623145146579328631482597879156234254397861483961752912735486567248913
Puzzle_31,DPLLSAT,Yes,23,1.13,31.00,37,37,33,33,36,33,37,35,0,729,300004000090000145006000000000000007800000234050097000000900000010000086000208910,325814679798623145146579328631482597879156234254397861483961752912735486567248913
Puzzle_31,DLX,Yes,23,1.13,31.00,0,0,0,0,0,0,0,0,58,58,300004000090000145006000000000000007800000234050097000000900000010000086000208910,325814679798623145146579328631482597879156234254397861483961752912735486567248913
Puzzle_32,Backtracking,Yes,25,1.28,31.82,2,2,1,2,3,1,3,2,451,55,001000650900803000020000000290500006500000070834010002040789000000030040700000000,371924658965873421428156739297548316516392874834617592143789265689235147752461983
Puzzle_32,ConstraintPropagation,Yes,25,1.28,31.82,1,3,2,2,1,1,3,1,0,55,001000650900803000020000000290500006500000070834010002040789000000030040700000000,371924658965873421428156739297548316516392874834617592143789265689235147752461983
Puzzle_32,DPLLSAT,Yes,25,1.28,31.82,36,37,33,32,34,32,37,34,0,729,001000650900803000020000000290500006500000070834010002040789000000030040700000000,371924658965873421428156739297548316516392874834617592143789265689235147752461983
Puzzle_32,DLX,Yes,25,1.28,31.82,0,0,0,0,0,0,0,0,56,56,001000650900803000020000000290500006500000070834010002040789000000030040700000000,371924658965873421428156739297548316516392874834617592143789265689235147752461983
Puzzle_33,Backtracking,Yes,25,1.42,33.23,6,6,5,5,6,5,6,5,6514,55,003090000506074000900000040000002000000051070080736205008000403097060000000000002,843695127526174389971328546715942638362851974489736215658217493297463851134589762
Puzzle_33,ConstraintPropagation,Yes,25,1.42,33.23,2,1,2,1,2,1,2,1,3,55,003090000506074000900000040000002000000051070080736205008000403097060000000000002,843695127526174389971328546715942638362851974489736215658217493297463851134589762
Puzzle_33,DPLLSAT,Yes,25,1.42,33.23,37,35,34,34,34,34,37,34,0,729,003090000506074000900000040000002000000051070080736205008000403097060000000000002,843695127526174389971328546715942638362851974489736215658217493297463851134589762
Puzzle_33,DLX,Yes,25,1.42,33.23,0,0,0,0,0,0,0,0,56,56,003090000506074000900000040000002000000051070080736205008000403097060000000000002,843695127526174389971328546715942638362851974489736215658217493297463851134589762
Puzzle_34,Backtracking,Yes,24,1.35,32.93,4,4,4,4,3,3,4,3,2943,56,800120040000300000007069000900040600000005720000800000000000000025080306108090500,863127945249358167517469832971243658684915723352876419796534281425781396138692574
Puzzle_34,ConstraintPropagation,Yes,24,1.35,32.93,2,2,2,1,3,1,3,2,2,56,800120040000300000007069000900040600000005720000800000000000000025080306108090500,863127945249358167517469832971243658684915723352876419796534281425781396138692574
Puzzle_34,DPLLSAT,Yes,24,1.35,32.93,36,34,36,33,38,33,38,35,0,729,800120040000300000007069000900040600000005720000800000000000000025080306108090500,863127945249358167517469832971243658684915723352876419796534281425781396138692574
Puzzle_34,DLX,Yes,24,1.35,32.93,0,0,0,0,0,0,0,0,57,57,800120040000300000007069000900040600000005720000800000000000000025080306108090500,863127945249358167517469832971243658684915723352876419796534281425781396138692574
Puzzle_35,Backtracking,Yes,23,0.88,28.49,4,2,2,1,2,1,4,2,539,57,010700040094000600000015000508300206000002000003000100800070000000000010062000034,215769348794823651386415927548391276671582493923647185839174562457236819162958734
Puzzle_35,ConstraintPropagation,Yes,23,0.88,28.49,16,5,5,5,2,2,16,6,18,57,010700040094000600000015000508300206000002000003000100800070000000000010062000034,215769348794823651386415927548391276671582493923647185839174562457236819162958734
Puzzle_35,DPLLSAT,Yes,23,0.88,28.49,37,35,34,35,34,34,37,35,0,729,010700040094000600000015000508300206000002000003000100800070000000000010062000034,215769348794823651386415927548391276671582493923647185839174562457236819162958734
Puzzle_35,DLX,Yes,23,0.88,28.49,0,0,0,0,0,0,0,0,58,58,010700040094000600000015000508300206000002000003000100800070000000000010062000034,215769348794823651386415927548391276671582493923647185839174562457236819162958734
Puzzle_36,Backtracking,Yes,23,0.89,28.67,3,2,4,2,2,2,4,2,1124,57,000000039020010600034000002006800000100600540700003200003000090600052010000000000,561284739827319654934576182346825971182697543759143268213768495698452317475931826
Puzzle_36,ConstraintPropagation,Yes,23,0.89,28.67,16,4,4,5,3,3,16,6,11,57,000000039020010600034000002006800000100600540700003200003000090600052010000000000,561284739827319654934576182346825971182697543759143268213768495698452317475931826
Puzzle_36,DPLLSAT,Yes,23,0.89,28.67,41,39,38,41,40,38,41,39,0,729,000000039020010600034000002006800000100600540700003200003000090600052010000000000,561284739827319654934576182346825971182697543759143268213768495698452317475931826
Puzzle_36,DLX,Yes,23,0.89,28.67,0,0,0,1,0,0,1,0,58,58,000000039020010600034000002006800000100600540700003200003000090600052010000000000,561284739827319654934576182346825971182697543759143268213768495698452317475931826
Puzzle_37,Backtracking,Yes,23,1.20,31.68,3,6,5,5,4,3,6,4,3287,57,000350760008109000000000000200000100004008000701500000100000009070903000306000480,419352768628179543537486921283697154954218637761534892142865379875943216396721485
Puzzle_37,ConstraintPropagation,Yes,23,1.20,31.68,5,2,3,2,2,2,5,2,27,57,000350760008109000000000000200000100004008000701500000100000009070903000306000480,419352768628179543537486921283697154954218637761534892142865379875943216396721485
Puzzle_37,DPLLSAT,Yes,23,1.20,31.68,40,35,33,32,33,32,40,34,0,729,000350760008109000000000000200000100004008000701500000100000009070903000306000480,419352768628179543537486921283697154954218637761534892142865379875943216396721485
Puzzle_37,DLX,Yes,23,1.20,31.68,0,0,0,0,0,0,0,0,58,58,000350760008109000000000000200000100004008000701500000100000009070903000306000480,419352768628179543537486921283697154954218637761534892142865379875943216396721485
Puzzle_38,Backtracking,Yes,22,0.86,28.72,72,76,85,73,77,72,85,76,142674,58,001090000000050000207000080030000000800003040000700100000000908009340700053002004,541896372368257491297134586135429867876513249924768153412675938689341725753982614
Puzzle_38,ConstraintPropagation,Yes,22,0.86,28.72,1,2,1,3,1,1,3,1,6,58,001090000000050000207000080030000000800003040000700100000000908009340700053002004,541896372368257491297134586135429867876513249924768153412675938689341725753982614
Puzzle_38,DPLLSAT,Yes,22,0.86,28.72,34,34,31,36,34,31,36,33,0,729,001090000000050000207000080030000000800003040000700100000000908009340700053002004,541896372368257491297134586135429867876513249924768153412675938689341725753982614
Puzzle_38,DLX,Yes,22,0.86,28.72,0,0,0,0,0,0,0,0,59,59,001090000000050000207000080030000000800003040000700100000000908009340700053002004,541896372368257491297134586135429867876513249924768153412675938689341725753982614
Puzzle_39,Backtracking,Yes,25,1.02,29.14,3,0,4,2,2,0,4,2,1524,55,400705009000210054009004001060120000000000780030000000680003000097040100000000005,413785269876219354259364871968127543145936782732458916681593427597642138324871695
Puzzle_39,ConstraintPropagation,Yes,25,1.02,29.14,3,2,3,2,2,2,3,2,16,55,400705009000210054009004001060120000000000780030000000680003000097040100000000005,413785269876219354259364871968127543145936782732458916681593427597642138324871695
Puzzle_39,DPLLSAT,Yes,25,1.02,29.14,35,37,34,33,34,33,37,34,0,729,400705009000210054009004001060120000000000780030000000680003000097040100000000005,413785269876219354259364871968127543145936782732458916681593427597642138324871695
Puzzle_39,DLX,Yes,25,1.02,29.14,0,0,0,0,0,0,0,0,56,56,400705009000210054009004001060120000000000780030000000680003000097040100000000005,413785269876219354259364871968127543145936782732458916681593427597642138324871695
Puzzle_40,Backtracking,Yes,22,0.81,28.26,5,3,3,3,2,2,5,3,2905,58,030070008000060040007005000000000630001300000049800001000000870005002000000103004,634271598152968347987435216728514639561397482349826751213649875495782163876153924
Puzzle_40,ConstraintPropagation,Yes,22,0.81,28.26,2,2,2,3,2,2,3,2,7,58,030070008000060040007005000000000630001300000049800001000000870005002000000103004,634271598152968347987435216728514639561397482349826751213649875495782163876153924
Puzzle_40,DPLLSAT,Yes,22,0.81,28.26,37,37,37,39,36,36,39,37,0,729,030070008000060040007005000000000630001300000049800001000000870005002000000103004,634271598152968347987435216728514639561397482349826751213649875495782163876153924
Puzzle_40,DLX,Yes,22,0.81,28.26,0,0,0,0,0,0,0,0,59,59,030070008000060040007005000000000630001300000049800001000000870005002000000103004,634271598152968347987435216728514639561397482349826751213649875495782163876153924
Puzzle_41,Backtracking,Yes,23,1.01,29.85,16,17,17,15,18,15,18,16,24963,57,080700000204000080000600300090300507000001004040270600100400000800000070030009000,983742165264513789715698342691384527572961834348275691126437958859126473437859216
Puzzle_41,ConstraintPropagation,Yes,23,1.01,29.85,4,8,4,5,4,4,8,5,71,57,080700000204000080000600300090300507000001004040270600100400000800000070030009000,983742165264513789715698342691384527572961834348275691126437958859126473437859216
Puzzle_41,DPLLSAT,Yes,23,1.01,29.85,39,34,33,35,34,33,39,35,0,729,080700000204000080000600300090300507000001004040270600100400000800000070030009000,983742165264513789715698342691384527572961834348275691126437958859126473437859216
Puzzle_41,DLX,Yes,23,1.01,29.85,0,0,0,0,0,0,0,0,58,58,080700000204000080000600300090300507000001004040270600100400000800000070030009000,983742165264513789715698342691384527572961834348275691126437958859126473437859216
Puzzle_42,Backtracking,Yes,25,1.06,29.57,8,9,11,8,10,8,11,9,12362,55,000819000060000000000006200026007015040000070800061000600300001500000008098040020,253819764769254183481736259926487315145923876837561492672398541514672938398145627
Puzzle_42,ConstraintPropagation,Yes,25,1.06,29.57,2,2,1,2,1,1,2,1,5,55,000819000060000000000006200026007015040000070800061000600300001500000008098040020,253819764769254183481736259926487315145923876837561492672398541514672938398145627
Puzzle_42,DPLLSAT,Yes,25,1.06,29.57,35,36,32,35,33,32,36,34,0,729,000819000060000000000006200026007015040000070800061000600300001500000008098040020,253819764769254183481736259926487315145923876837561492672398541514672938398145627
Puzzle_42,DLX,Yes,25,1.06,29.57,0,0,0,0,0,0,0,0,56,56,000819000060000000000006200026007015040000070800061000600300001500000008098040020,253819764769254183481736259926487315145923876837561492672398541514672938398145627
Puzzle_43,Backtracking,Yes,23,1.19,31.63,578,613,608,586,596,578,613,596,1259643,57,800000090030460000000000002000000067100000005000670289000004021057009000003500000,824157693539462718761893452982345167176928345345671289698734521457219836213586974
Puzzle_43,ConstraintPropagation,Yes,23,1.19,31.63,2,1,3,2,2,1,3,2,4,57,800000090030460000000000002000000067100000005000670289000004021057009000003500000,824157693539462718761893452982345167176928345345671289698734521457219836213586974
Puzzle_43,DPLLSAT,Yes,23,1.19,31.63,35,36,37,37,34,34,37,35,0,729,800000090030460000000000002000000067100000005000670289000004021057009000003500000,824157693539462718761893452982345167176928345345671289698734521457219836213586974
Puzzle_43,DLX,Yes,23,1.19,31.63,0,1,0,0,0,0,1,0,58,58,800000090030460000000000002000000067100000005000670289000004021057009000003500000,824157693539462718761893452982345167176928345345671289698734521457219836213586974
Puzzle_44,Backtracking,Yes,22,0.84,28.54,5,4,5,2,0,0,5,3,6036,58,403020001200090043000000000000008620070200000030040000009706500000300080000000004,463825971257691843918473256594138627871269435632547198349786512126354789785912364
Puzzle_44,ConstraintPropagation,Yes,22,0.84,28.54,0,0,14,2,3,0,14,3,16,58,403020001200090043000000000000008620070200000030040000009706500000300080000000004,463825971257691843918473256594138627871269435632547198349786512126354789785912364
Puzzle_44,DPLLSAT,Yes,22,0.84,28.54,39,42,37,40,34,34,42,38,0,729,403020001200090043000000000000008620070200000030040000009706500000300080000000004,463825971257691843918473256594138627871269435632547198349786512126354789785912364
Puzzle_44,DLX,Yes,22,0.84,28.54,0,0,0,0,0,0,0,0,59,59,403020001200090043000000000000008620070200000030040000009706500000300080000000004,463825971257691843918473256594138627871269435632547198349786512126354789785912364
Puzzle_45,Backtracking,Yes,24,0.97,29.05,8,6,6,6,5,5,8,6,8165,56,090107080000500009000006000502000016000300000004009002071025000000980400300000200,296147583417538629853296147532874916769312854184659732971425368625983471348761295
Puzzle_45,ConstraintPropagation,Yes,24,0.97,29.05,2,3,3,2,1,1,3,2,11,56,090107080000500009000006000502000016000300000004009002071025000000980400300000200,296147583417538629853296147532874916769312854184659732971425368625983471348761295
Puzzle_45,DPLLSAT,Yes,24,0.97,29.05,38,35,36,34,33,33,38,35,0,729,090107080000500009000006000502000016000300000004009002071025000000980400300000200,296147583417538629853296147532874916769312854184659732971425368625983471348761295
Puzzle_45,DLX,Yes,24,0.97,29.05,0,0,0,0,0,0,0,0,57,57,090107080000500009000006000502000016000300000004009002071025000000980400300000200,296147583417538629853296147532874916769312854184659732971425368625983471348761295
Puzzle_46,Backtracking,Yes,24,1.05,29.84,2,3,2,3,2,2,3,2,1520,56,000398007030000002097000000600000050002904003850000120970500000000002010060000000,126398547538147692497625381643281759712954863859763124974516238385472916261839475
Puzzle_46,ConstraintPropagation,Yes,24,1.05,29.84,2,1,3,2,2,1,3,2,11,56,000398007030000002097000000600000050002904003850000120970500000000002010060000000,126398547538147692497625381643281759712954863859763124974516238385472916261839475
Puzzle_46,DPLLSAT,Yes,24,1.05,29.84,35,37,34,35,36,34,37,35,0,729,000398007030000002097000000600000050002904003850000120970500000000002010060000000,126398547538147692497625381643281759712954863859763124974516238385472916261839475
Puzzle_46,DLX,Yes,24,1.05,29.84,0,0,0,0,0,0,0,0,57,57,000398007030000002097000000600000050002904003850000120970500000000002010060000000,126398547538147692497625381643281759712954863859763124974516238385472916261839475
Puzzle_47,Backtracking,Yes,24,1.05,29.84,4,4,3,3,5,3,5,3,2600,56,406087200031000500000050000000073000090200010000400070010600000005030000704000901,456187293231946587879352146148573629597268314623419875312694758985731462764825931
Puzzle_47,ConstraintPropagation,Yes,24,1.05,29.84,1,2,1,2,2,1,2,1,9,56,406087200031000500000050000000073000090200010000400070010600000005030000704000901,456187293231946587879352146148573629597268314623419875312694758985731462764825931
Puzzle_47,DPLLSAT,Yes,24,1.05,29.84,35,37,35,36,36,35,37,35,0,729,406087200031000500000050000000073000090200010000400070010600000005030000704000901,456187293231946587879352146148573629597268314623419875312694758985731462764825931
Puzzle_47,DLX,Yes,24,1.05,29.84,0,0,0,0,0,0,0,0,57,57,406087200031000500000050000000073000090200010000400070010600000005030000704000901,456187293231946587879352146148573629597268314623419875312694758985731462764825931
Puzzle_48,Backtracking,Yes,24,0.98,29.14,7,8,8,9,8,7,9,8,10851,56,000080000000000163042300000050001006000009308000800020070002000109067200000040001,391786542587294163642315897853421976724659318916873425478132659139567284265948731
Puzzle_48,ConstraintPropagation,Yes,24,0.98,29.14,2,5,2,3,2,2,5,2,17,56,000080000000000163042300000050001006000009308000800020070002000109067200000040001,391786542587294163642315897853421976724659318916873425478132659139567284265948731
Puzzle_48,DPLLSAT,Yes,24,0.98,29.14,39,33,34,33,36,33,39,35,0,729,000080000000000163042300000050001006000009308000800020070002000109067200000040001,391786542587294163642315897853421976724659318916873425478132659139567284265948731
Puzzle_48,DLX,Yes,24,0.98,29.14,0,0,0,0,0,0,0,0,57,57,000080000000000163042300000050001006000009308000800020070002000109067200000040001,391786542587294163642315897853421976724659318916873425478132659139567284265948731
Puzzle_49,Backtracking,Yes,25,1.24,31.43,3,2,3,2,2,2,3,2,780,55,270608000000090000015047000000400070000000008001900030006304001000000583500000760,279618345468593217315247896632485179947132658851976432786354921124769583593821764
Puzzle_49,ConstraintPropagation,Yes,25,1.24,31.43,1,2,2,1,2,1,2,1,5,55,270608000000090000015047000000400070000000008001900030006304001000000583500000760,279618345468593217315247896632485179947132658851976432786354921124769583593821764
Puzzle_49,DPLLSAT,Yes,25,1.24,31.43,36,34,35,35,34,34,36,34,0,729,270608000000090000015047000000400070000000008001900030006304001000000583500000760,279618345468593217315247896632485179947132658851976432786354921124769583593821764
Puzzle_49,DLX,Yes,25,1.24,31.43,0,0,0,0,0,0,0,0,56,56,270608000000090000015047000000400070000000008001900030006304001000000583500000760,279618345468593217315247896632485179947132658851976432786354921124769583593821764
Puzzle_50,Backtracking,Yes,23,0.85,28.20,8,9,9,7,10,7,10,8,13326,57,200000010003078000540900080000040200090010000700000800020000067080002900000056000,278364519913578642546921783351847296892613475764295831125489367687132954439756128
Puzzle_50,ConstraintPropagation,Yes,23,0.85,28.20,2,2,2,2,5,2,5,2,12,57,200000010003078000540900080000040200090010000700000800020000067080002900000056000,278364519913578642546921783351847296892613475764295831125489367687132954439756128
Puzzle_50,DPLLSAT,Yes,23,0.85,28.20,36,36,33,35,35,33,36,35,0,729,200000010003078000540900080000040200090010000700000800020000067080002900000056000,278364519913578642546921783351847296892613475764295831125489367687132954439756128
Puzzle_50,DLX,Yes,23,0.85,28.20,0,0,0,0,0,0,0,0,58,58,200000010003078000540900080000040200090010000700000800020000067080002900000056000,278364519913578642546921783351847296892613475764295831125489367687132954439756128
Puzzle_51,Backtracking,Yes,22,0.87,28.84,2,2,2,3,1,1,3,2,868,58,080700000072004010000080065000050379000100000900002000200000008000010050106000000,583761924672594813419283765821456379764139582935872641297645138348917256156328497
Puzzle_51,ConstraintPropagation,Yes,22,0.87,28.84,4,5,4,5,3,3,5,4,89,58,080700000072004010000080065000050379000100000900002000200000008000010050106000000,583761924672594813419283765821456379764139582935872641297645138348917256156328497
Puzzle_51,DPLLSAT,Yes,22,0.87,28.84,34,37,35,37,33,33,37,35,0,729,080700000072004010000080065000050379000100000900002000200000008000010050106000000,583761924672594813419283765821456379764139582935872641297645138348917256156328497
Puzzle_51,DLX,Yes,22,0.87,28.84,0,0,0,0,0,0,0,0,59,59,080700000072004010000080065000050379000100000900002000200000008000010050106000000,583761924672594813419283765821456379764139582935872641297645138348917256156328497
Puzzle_52,Backtracking,Yes,23,0.99,29.58,66,67,65,63,67,63,67,65,130903,57,080000300000010000000000104230000500400038020008506000006003400500007060090040000,681754392954312678327869154239471586465938721718526943876293415543187269192645837
Puzzle_52,ConstraintPropagation,Yes,23,0.99,29.58,3,5,2,4,3,2,5,3,25,57,080000300000010000000000104230000500400038020008506000006003400500007060090040000,681754392954312678327869154239471586465938721718526943876293415543187269192645837
Puzzle_52,DPLLSAT,Yes,23,0.99,29.58,39,35,33,33,38,33,39,35,0,729,080000300000010000000000104230000500400038020008506000006003400500007060090040000,681754392954312678327869154239471586465938721718526943876293415543187269192645837
Puzzle_52,DLX,Yes,23,0.99,29.58,0,0,0,0,0,0,0,0,58,58,080000300000010000000000104230000500400038020008506000006003400500007060090040000,681754392954312678327869154239471586465938721718526943876293415543187269192645837
Puzzle_53,Backtracking,Yes,41,0.69,20.05,3,1,1,2,1,1,3,1,2,39,207000100300860205045031970680009030094500020000614807170308450052470008000002069,267945183319867245845231976681729534794583621523614897176398452952476318438152769
Puzzle_53,ConstraintPropagation,Yes,41,0.69,20.05,1,1,3,1,1,1,3,1,0,39,207000100300860205045031970680009030094500020000614807170308450052470008000002069,267945183319867245845231976681729534794583621523614897176398452952476318438152769
Puzzle_53,DPLLSAT,Yes,41,0.69,20.05,38,36,36,38,37,36,38,37,0,729,207000100300860205045031970680009030094500020000614807170308450052470008000002069,267945183319867245845231976681729534794583621523614897176398452952476318438152769
Puzzle_53,DLX,Yes,41,0.69,20.05,0,0,0,0,0,0,0,0,40,40,207000100300860205045031970680009030094500020000614807170308450052470008000002069,267945183319867245845231976681729534794583621523614897176398452952476318438152769
Puzzle_54,Backtracking,Yes,40,0.73,20.86,2,2,1,2,1,1,2,1,7,40,001308050075020040006570309160482000030005270092130800028009035700240106400006007,941368752375921648286574319167482593834695271592137864628719435759243186413856927
Puzzle_54,ConstraintPropagation,Yes,40,0.73,20.86,2,1,1,2,1,1,2,1,0,40,001308050075020040006570309160482000030005270092130800028009035700240106400006007,941368752375921648286574319167482593834695271592137864628719435759243186413856927
Puzzle_54,DPLLSAT,Yes,40,0.73,20.86,37,37,34,35,34,34,37,35,0,729,001308050075020040006570309160482000030005270092130800028009035700240106400006007,941368752375921648286574319167482593834695271592137864628719435759243186413856927
Puzzle_54,DLX,Yes,40,0.73,20.86,0,0,0,0,0,0,0,0,41,41,001308050075020040006570309160482000030005270092130800028009035700240106400006007,941368752375921648286574319167482593834695271592137864628719435759243186413856927
Puzzle_55,Backtracking,Yes,39,0.89,22.74,2,2,1,3,1,1,3,1,4,41,706130089520408000090000120910200005800956407400007300600084001053020700004570906,746132589521498673398765124917243865832956417465817392679384251153629748284571936
Puzzle_55,ConstraintPropagation,Yes,39,0.89,22.74,2,1,4,1,2,1,4,2,0,41,706130089520408000090000120910200005800956407400007300600084001053020700004570906,746132589521498673398765124917243865832956417465817392679384251153629748284571936
Puzzle_55,DPLLSAT,Yes,39,0.89,22.74,37,34,35,36,35,34,37,35,0,729,706130089520408000090000120910200005800956407400007300600084001053020700004570906,746132589521498673398765124917243865832956417465817392679384251153629748284571936
Puzzle_55,DLX,Yes,39,0.89,22.74,0,0,0,0,0,0,0,0,42,42,706130089520408000090000120910200005800956407400007300600084001053020700004570906,746132589521498673398765124917243865832956417465817392679384251153629748284571936
Puzzle_56,Backtracking,Yes,39,0.78,21.67,3,1,2,3,1,1,3,2,3,41,075030004080127000903800600104002890050016307009080520300400015020703400608050709,275639184486127953913845672134572896852916347769384521397468215521793468648251739
Puzzle_56,ConstraintPropagation,Yes,39,0.78,21.67,1,1,2,2,2,1,2,1,0,41,075030004080127000903800600104002890050016307009080520300400015020703400608050709,275639184486127953913845672134572896852916347769384521397468215521793468648251739
Puzzle_56,DPLLSAT,Yes,39,0.78,21.67,36,33,37,33,36,33,37,35,0,729,075030004080127000903800600104002890050016307009080520300400015020703400608050709,275639184486127953913845672134572896852916347769384521397468215521793468648251739
Puzzle_56,DLX,Yes,39,0.78,21.67,0,0,0,0,0,0,0,0,42,42,075030004080127000903800600104002890050016307009080520300400015020703400608050709,275639184486127953913845672134572896852916347769384521397468215521793468648251739
Puzzle_57,Backtracking,Yes,39,0.76,21.51,2,1,1,3,1,1,3,1,16,41,010007000800490560092030408905000016700325090048600002150000009030568007406071230,614857923873492561592136478925784316761325894348619752157243689239568147486971235
Puzzle_57,ConstraintPropagation,Yes,39,0.76,21.51,2,1,2,1,1,1,2,1,0,41,010007000800490560092030408905000016700325090048600002150000009030568007406071230,614857923873492561592136478925784316761325894348619752157243689239568147486971235
Puzzle_57,DPLLSAT,Yes,39,0.76,21.51,37,38,35,35,34,34,38,35,0,729,010007000800490560092030408905000016700325090048600002150000009030568007406071230,614857923873492561592136478925784316761325894348619752157243689239568147486971235
Puzzle_57,DLX,Yes,39,0.76,21.51,0,0,0,0,0,0,0,0,42,42,010007000800490560092030408905000016700325090048600002150000009030568007406071230,614857923873492561592136478925784316761325894348619752157243689239568147486971235
Puzzle_58,Backtracking,Yes,40,0.98,23.21,2,1,2,2,1,1,2,1,6,40,900402100451003007007850069002008004030960270008100395009510002065307001700040086,986472153451693827327851469592738614134965278678124395849516732265387941713249586
Puzzle_58,ConstraintPropagation,Yes,40,0.98,23.21,2,1,2,2,3,1,3,2,0,40,900402100451003007007850069002008004030960270008100395009510002065307001700040086,986472153451693827327851469592738614134965278678124395849516732265387941713249586
Puzzle_58,DPLLSAT,Yes,40,0.98,23.21,34,35,35,34,34,34,35,34,0,729,900402100451003007007850069002008004030960270008100395009510002065307001700040086,986472153451693827327851469592738614134965278678124395849516732265387941713249586
Puzzle_58,DLX,Yes,40,0.98,23.21,0,0,0,0,0,0,0,0,41,41,900402100451003007007850069002008004030960270008100395009510002065307001700040086,986472153451693827327851469592738614134965278678124395849516732265387941713249586
Puzzle_59,Backtracking,Yes,39,0.82,22.00,3,1,2,1,2,1,3,1,3,41,490017056007403020801200970040180500709005013600030209000060801050008790320900040,492817356567493128831256974243189567789625413615734289974562831156348792328971645
Puzzle_59,ConstraintPropagation,Yes,39,0.82,22.00,1,3,1,2,1,1,3,1,0,41,490017056007403020801200970040180500709005013600030209000060801050008790320900040,492817356567493128831256974243189567789625413615734289974562831156348792328971645
Puzzle_59,DPLLSAT,Yes,39,0.82,22.00,41,34,36,33,35,33,41,35,0,729,490017056007403020801200970040180500709005013600030209000060801050008790320900040,492817356567493128831256974243189567789625413615734289974562831156348792328971645
Puzzle_59,DLX,Yes,39,0.82,22.00,0,0,0,0,0,0,0,0,42,42,490017056007403020801200970040180500709005013600030209000060801050008790320900040,492817356567493128831256974243189567789625413615734289974562831156348792328971645
Puzzle_60,Backtracking,Yes,39,1.00,23.80,2,2,0,2,2,0,2,1,4,41,000007016084000000190253700540091067007800530830060402253070009010906300600004028,325487916784619253196253784542391867967842531831765492253178649418926375679534128
Puzzle_60,ConstraintPropagation,Yes,39,1.00,23.80,1,2,3,1,3,1,3,2,0,41,000007016084000000190253700540091067007800530830060402253070009010906300600004028,325487916784619253196253784542391867967842531831765492253178649418926375679534128
Puzzle_60,DPLLSAT,Yes,39,1.00,23.80,37,35,36,34,34,34,37,35,0,729,000007016084000000190253700540091067007800530830060402253070009010906300600004028,325487916784619253196253784542391867967842531831765492253178649418926375679534128
Puzzle_60,DLX,Yes,39,1.00,23.80,0,0,0,0,0,0,0,0,42,42,000007016084000000190253700540091067007800530830060402253070009010906300600004028,325487916784619253196253784542391867967842531831765492253178649418926375679534128
Puzzle_61,Backtracking,Yes,38,0.93,23.47,1,2,1,1,3,1,3,1,3,42,000100542256900007700003080390050106000407003802001090609000200007348001410260058,938176542256984317741523689394852176165497823872631495689715234527348961413269758
Puzzle_61,ConstraintPropagation,Yes,38,0.93,23.47,1,3,1,2,3,1,3,2,0,42,000100542256900007700003080390050106000407003802001090609000200007348001410260058,938176542256984317741523689394852176165497823872631495689715234527348961413269758
Puzzle_61,DPLLSAT,Yes,38,0.93,23.47,35,37,33,33,25,25,37,32,0,729,000100542256900007700003080390050106000407003802001090609000200007348001410260058,938176542256984317741523689394852176165497823872631495689715234527348961413269758
Puzzle_61,DLX,Yes,38,0.93,23.47,0,0,0,0,0,0,0,0,43,43,000100542256900007700003080390050106000407003802001090609000200007348001410260058,938176542256984317741523689394852176165497823872631495689715234527348961413269758
Puzzle_62,Backtracking,Yes,40,0.86,22.06,0,0,0,15,1,0,15,3,5,40,390080070005302806700004012020861705800200030014030009006010020270098400439507060,392186574145372896768954312923861745857249631614735289586413927271698453439527168
Puzzle_62,ConstraintPropagation,Yes,40,0.86,22.06,1,0,0,0,0,0,1,0,0,40,390080070005302806700004012020861705800200030014030009006010020270098400439507060,392186574145372896768954312923861745857249631614735289586413927271698453439527168
Puzzle_62,DPLLSAT,Yes,40,0.86,22.06,43,34,34,34,34,34,43,35,0,729,390080070005302806700004012020861705800200030014030009006010020270098400439507060,392186574145372896768954312923861745857249631614735289586413927271698453439527168
Puzzle_62,DLX,Yes,40,0.86,22.06,0,0,0,0,0,0,0,0,41,41,390080070005302806700004012020861705800200030014030009006010020270098400439507060,392186574145372896768954312923861745857249631614735289586413927271698453439527168
Puzzle_63,Backtracking,Yes,41,0.81,21.22,4,1,2,2,1,1,4,2,4,39,005360000002059148870200306937001000100400005600083702501002460040195820083007090,415368279362759148879214356937521684128476935654983712591832467746195823283647591
Puzzle_63,ConstraintPropagation,Yes,41,0.81,21.22,2,1,2,1,2,1,2,1,0,39,005360000002059148870200306937001000100400005600083702501002460040195820083007090,415368279362759148879214356937521684128476935654983712591832467746195823283647591
Puzzle_63,DPLLSAT,Yes,41,0.81,21.22,35,35,34,33,34,33,35,34,0,729,005360000002059148870200306937001000100400005600083702501002460040195820083007090,415368279362759148879214356937521684128476935654983712591832467746195823283647591
Puzzle_63,DLX,Yes,41,0.81,21.22,0,0,0,0,1,0,1,0,40,40,005360000002059148870200306937001000100400005600083702501002460040195820083007090,415368279362759148879214356937521684128476935654983712591832467746195823283647591
Puzzle_64,Backtracking,Yes,40,0.61,19.72,3,1,2,2,2,1,3,2,2,40,932008004050913700008054603205800940713000008000561020000702830084090005600300019,932678154456913782178254693265837941713429568849561327591742836384196275627385419
Puzzle_64,ConstraintPropagation,Yes,40,0.61,19.72,2,2,1,2,1,1,2,1,0,40,932008004050913700008054603205800940713000008000561020000702830084090005600300019,932678154456913782178254693265837941713429568849561327591742836384196275627385419
Puzzle_64,DPLLSAT,Yes,40,0.61,19.72,35,35,33,36,36,33,36,35,0,729,932008004050913700008054603205800940713000008000561020000702830084090005600300019,932678154456913782178254693265837941713429568849561327591742836384196275627385419
Puzzle_64,DLX,Yes,40,0.61,19.72,0,0,0,0,0,0,0,0,41,41,932008004050913700008054603205800940713000008000561020000702830084090005600300019,932678154456913782178254693265837941713429568849561327591742836384196275627385419
Puzzle_65,Backtracking,Yes,40,0.56,19.28,4,5,1,1,2,1,5,2,3,40,002056003097020800304001670009073120580200004000140069030005047706800905120490300,812756493697324851354981672469573128581269734273148569938615247746832915125497386
Puzzle_65,ConstraintPropagation,Yes,40,0.56,19.28,1,1,2,2,2,1,2,1,0,40,002056003097020800304001670009073120580200004000140069030005047706800905120490300,812756493697324851354981672469573128581269734273148569938615247746832915125497386
Puzzle_65,DPLLSAT,Yes,40,0.56,19.28,35,36,36,36,34,34,36,35,0,729,002056003097020800304001670009073120580200004000140069030005047706800905120490300,812756493697324851354981672469573128581269734273148569938615247746832915125497386
Puzzle_65,DLX,Yes,40,0.56,19.28,0,0,0,0,0,0,0,0,41,41,002056003097020800304001670009073120580200004000140069030005047706800905120490300,812756493697324851354981672469573128581269734273148569938615247746832915125497386
Puzzle_66,Backtracking,Yes,40,0.87,22.17,3,1,3,2,2,1,3,2,3,40,503029680040700100080001504004050890009137200260040003305600970170003402006800015,513429687642785139987361524734256891859137246261948753325614978178593462496872315
Puzzle_66,ConstraintPropagation,Yes,40,0.87,22.17,2,2,2,1,3,1,3,2,0,40,503029680040700100080001504004050890009137200260040003305600970170003402006800015,513429687642785139987361524734256891859137246261948753325614978178593462496872315
Puzzle_66,DPLLSAT,Yes,40,0.87,22.17,37,33,34,34,36,33,37,34,0,729,503029680040700100080001504004050890009137200260040003305600970170003402006800015,513429687642785139987361524734256891859137246261948753325614978178593462496872315
Puzzle_66,DLX,Yes,40,0.87,22.17,0,0,0,0,0,0,0,0,41,41,503029680040700100080001504004050890009137200260040003305600970170003402006800015,513429687642785139987361524734256891859137246261948753325614978178593462496872315
Puzzle_67,Backtracking,Yes,39,0.65,20.47,2,2,1,1,3,1,3,1,5,41,805100600020739000010006042980070005070263900402500031100007053300904820046080070,835142697624739518719856342983471265571263984462598731198627453357914826246385179
Puzzle_67,ConstraintPropagation,Yes,39,0.65,20.47,2,1,1,2,1,1,2,1,0,41,805100600020739000010006042980070005070263900402500031100007053300904820046080070,835142697624739518719856342983471265571263984462598731198627453357914826246385179
Puzzle_67,DPLLSAT,Yes,39,0.65,20.47,35,36,38,36,42,35,42,37,0,729,805100600020739000010006042980070005070263900402500031100007053300904820046080070,835142697624739518719856342983471265571263984462598731198627453357914826246385179
Puzzle_67,DLX,Yes,39,0.65,20.47,0,0,0,0,1,0,1,0,42,42,805100600020739000010006042980070005070263900402500031100007053300904820046080070,835142697624739518719856342983471265571263984462598731198627453357914826246385179
Puzzle_68,Backtracking,Yes,40,0.80,21.46,2,3,3,3,3,2,3,2,8,40,570098100403000609000310520604120000090706304100005208320807450806430070001009006,572698143413572689968314527684123795295786314137945268329867451856431972741259836
Puzzle_68,ConstraintPropagation,Yes,40,0.80,21.46,2,4,4,2,3,2,4,3,0,40,570098100403000609000310520604120000090706304100005208320807450806430070001009006,572698143413572689968314527684123795295786314137945268329867451856431972741259836
Puzzle_68,DPLLSAT,Yes,40,0.80,21.46,45,39,39,42,37,37,45,40,0,729,570098100403000609000310520604120000090706304100005208320807450806430070001009006,572698143413572689968314527684123795295786314137945268329867451856431972741259836
Puzzle_68,DLX,Yes,40,0.80,21.46,0,0,0,0,0,0,0,0,41,41,570098100403000609000310520604120000090706304100005208320807450806430070001009006,572698143413572689968314527684123795295786314137945268329867451856431972741259836
Puzzle_69,Backtracking,Yes,41,0.89,22.00,3,1,2,2,1,1,3,1,7,39,890370000500009210603540007070410002200050069010908405102600038430087506008205900,891372654547869213623541897975416382284753169316928475152694738439187526768235941
Puzzle_69,ConstraintPropagation,Yes,41,0.89,22.00,2,2,2,1,1,1,2,1,0,39,890370000500009210603540007070410002200050069010908405102600038430087506008205900,891372654547869213623541897975416382284753169316928475152694738439187526768235941
Puzzle_69,DPLLSAT,Yes,41,0.89,22.00,36,34,37,37,37,34,37,36,0,729,890370000500009210603540007070410002200050069010908405102600038430087506008205900,891372654547869213623541897975416382284753169316928475152694738439187526768235941
Puzzle_69,DLX,Yes,41,0.89,22.00,0,0,0,0,0,0,0,0,40,40,890370000500009210603540007070410002200050069010908405102600038430087506008205900,891372654547869213623541897975416382284753169316928475152694738439187526768235941
Puzzle_70,Backtracking,Yes,39,0.67,20.61,2,1,2,1,2,1,2,1,7,41,002040053930720000105800706304001060090204801060070590703009000050680012018530400,872146953936725148145893726384951267597264831261378594723419685459687312618532479
Puzzle_70,ConstraintPropagation,Yes,39,0.67,20.61,2,1,2,2,1,1,2,1,0,41,002040053930720000105800706304001060090204801060070590703009000050680012018530400,872146953936725148145893726384951267597264831261378594723419685459687312618532479
Puzzle_70,DPLLSAT,Yes,39,0.67,20.61,35,40,34,33,35,33,40,35,0,729,002040053930720000105800706304001060090204801060070590703009000050680012018530400,872146953936725148145893726384951267597264831261378594723419685459687312618532479
Puzzle_70,DLX,Yes,39,0.67,20.61,0,0,0,0,0,0,0,0,42,42,002040053930720000105800706304001060090204801060070590703009000050680012018530400,872146953936725148145893726384951267597264831261378594723419685459687312618532479
Puzzle_71,Backtracking,Yes,41,0.81,21.22,1,2,2,3,2,1,3,2,3,39,067002400540090030002507018180073906300405080476100020050630070098020051003908200,867312495541896732932547618185273946329465187476189523254631879698724351713958264
Puzzle_71,ConstraintPropagation,Yes,41,0.81,21.22,1,3,2,1,2,1,3,1,0,39,067002400540090030002507018180073906300405080476100020050630070098020051003908200,867312495541896732932547618185273946329465187476189523254631879698724351713958264
Puzzle_71,DPLLSAT,Yes,41,0.81,21.22,37,36,34,34,34,34,37,35,0,729,067002400540090030002507018180073906300405080476100020050630070098020051003908200,867312495541896732932547618185273946329465187476189523254631879698724351713958264
Puzzle_71,DLX,Yes,41,0.81,21.22,0,0,0,0,0,0,0,0,40,40,067002400540090030002507018180073906300405080476100020050630070098020051003908200,867312495541896732932547618185273946329465187476189523254631879698724351713958264
Puzzle_72,Backtracking,Yes,41,1.01,23.19,2,2,1,1,2,1,2,1,4,39,090002073307040685001600020460107000802530419005280007708405200100009008040760530,694852173327941685581673924463197852872536419915284367738415296156329748249768531
Puzzle_72,ConstraintPropagation,Yes,41,1.01,23.19,2,1,3,1,2,1,3,1,0,39,090002073307040685001600020460107000802530419005280007708405200100009008040760530,694852173327941685581673924463197852872536419915284367738415296156329748249768531
Puzzle_72,DPLLSAT,Yes,41,1.01,23.19,37,36,34,34,34,34,37,35,0,729,090002073307040685001600020460107000802530419005280007708405200100009008040760530,694852173327941685581673924463197852872536419915284367738415296156329748249768531
Puzzle_72,DLX,Yes,41,1.01,23.19,0,0,0,0,0,0,0,0,40,40,090002073307040685001600020460107000802530419005280007708405200100009008040760530,694852173327941685581673924463197852872536419915284367738415296156329748249768531
Puzzle_73,Backtracking,Yes,38,0.85,22.68,2,2,1,1,2,1,2,1,2,42,004001932853006400020407008000098560905200013470000000030040007290153800601800020,764581932853926471129437658312798564985264713476315289538642197297153846641879325
Puzzle_73,ConstraintPropagation,Yes,38,0.85,22.68,1,3,1,2,1,1,3,1,0,42,004001932853006400020407008000098560905200013470000000030040007290153800601800020,764581932853926471129437658312798564985264713476315289538642197297153846641879325
Puzzle_73,DPLLSAT,Yes,38,0.85,22.68,37,36,37,33,35,33,37,35,0,729,004001932853006400020407008000098560905200013470000000030040007290153800601800020,764581932853926471129437658312798564985264713476315289538642197297153846641879325
Puzzle_73,DLX,Yes,38,0.85,22.68,0,0,0,0,0,0,0,0,43,43,004001932853006400020407008000098560905200013470000000030040007290153800601800020,764581932853926471129437658312798564985264713476315289538642197297153846641879325
Puzzle_74,Backtracking,Yes,40,0.78,21.24,2,1,1,1,2,1,2,1,2,40,004156700090030068072009013703084200040600001250070900160400820089502040005710030,834156792591237468672849513713984256948625371256371984167493825389562147425718639
Puzzle_74,ConstraintPropagation,Yes,40,0.78,21.24,2,1,2,1,1,1,2,1,0,40,004156700090030068072009013703084200040600001250070900160400820089502040005710030,834156792591237468672849513713984256948625371256371984167493825389562147425718639
Puzzle_74,DPLLSAT,Yes,40,0.78,21.24,39,39,34,33,35,33,39,36,0,729,004156700090030068072009013703084200040600001250070900160400820089502040005710030,834156792591237468672849513713984256948625371256371984167493825389562147425718639
Puzzle_74,DLX,Yes,40,0.78,21.24,0,0,1,0,0,0,1,0,41,41,004156700090030068072009013703084200040600001250070900160400820089502040005710030,834156792591237468672849513713984256948625371256371984167493825389562147425718639
Puzzle_75,Backtracking,Yes,40,0.91,22.53,1,1,2,2,2,1,2,1,3,40,000030105087020960600407003010079840000265001923000700095140600400083500130906027,249638175387521964651497283516379842874265391923814756795142638462783519138956427
Puzzle_75,ConstraintPropagation,Yes,40,0.91,22.53,2,1,3,2,1,1,3,1,0,40,000030105087020960600407003010079840000265001923000700095140600400083500130906027,249638175387521964651497283516379842874265391923814756795142638462783519138956427
Puzzle_75,DPLLSAT,Yes,40,0.91,22.53,38,34,36,34,35,34,38,35,0,729,000030105087020960600407003010079840000265001923000700095140600400083500130906027,249638175387521964651497283516379842874265391923814756795142638462783519138956427
Puzzle_75,DLX,Yes,40,0.91,22.53,1,0,0,0,0,0,1,0,41,41,000030105087020960600407003010079840000265001923000700095140600400083500130906027,249638175387521964651497283516379842874265391923814756795142638462783519138956427
Puzzle_76,Backtracking,Yes,39,0.72,21.07,3,1,1,2,2,1,3,1,2,41,830026050000005916096470008050830004714000020600002790070593600940060301002700080,831926457427385916596471238259837164714659823683142795178593642945268371362714589
Puzzle_76,ConstraintPropagation,Yes,39,0.72,21.07,2,2,1,1,2,1,2,1,0,41,830026050000005916096470008050830004714000020600002790070593600940060301002700080,831926457427385916596471238259837164714659823683142795178593642945268371362714589
Puzzle_76,DPLLSAT,Yes,39,0.72,21.07,37,35,35,35,35,35,37,35,0,729,830026050000005916096470008050830004714000020600002790070593600940060301002700080,831926457427385916596471238259837164714659823683142795178593642945268371362714589
Puzzle_76,DLX,Yes,39,0.72,21.07,0,0,0,0,0,0,0,0,42,42,830026050000005916096470008050830004714000020600002790070593600940060301002700080,831926457427385916596471238259837164714659823683142795178593642945268371362714589
Puzzle_77,Backtracking,Yes,41,0.69,20.05,2,1,1,3,1,1,3,1,2,39,207000100300860205045031970680009030094500020000614807170308450052470008000002069,267945183319867245845231976681729534794583621523614897176398452952476318438152769
Puzzle_77,ConstraintPropagation,Yes,41,0.69,20.05,3,1,4,2,1,1,4,2,0,39,207000100300860205045031970680009030094500020000614807170308450052470008000002069,267945183319867245845231976681729534794583621523614897176398452952476318438152769
Puzzle_77,DPLLSAT,Yes,41,0.69,20.05,38,35,35,34,35,34,38,35,0,729,207000100300860205045031970680009030094500020000614807170308450052470008000002069,267945183319867245845231976681729534794583621523614897176398452952476318438152769
Puzzle_77,DLX,Yes,41,0.69,20.05,0,0,0,0,0,0,0,0,40,40,207000100300860205045031970680009030094500020000614807170308450052470008000002069,267945183319867245845231976681729534794583621523614897176398452952476318438152769
