Puzzle,Solver,Time(ms),Solved,HintCount,HintVariance,DifficultyScore,Original,Solution
"Puzzle_9x9_kindergarten_1","Backtracking","1","Yes","40","0.56","19.34","002056003097020800304001670009073120580200004000140069030005047706800905120490300","812756493697324851354981672469573128581269734273148569938615247746832915125497386"
"Puzzle_9x9_kindergarten_1","DLX","1","Yes","40","0.56","19.34","002056003097020800304001670009073120580200004000140069030005047706800905120490300","002056003097020800304001670009073120580200004000140069030005047706800905120490300"
"Puzzle_9x9_kindergarten_1","ConstraintPropagation","10","Yes","40","0.56","19.34","002056003097020800304001670009073120580200004000140069030005047706800905120490300","812756493697324851354981672469573128581269734273148569938615247746832915125497386"
"Puzzle_9x9_kindergarten_1","DPLLSAT","114","Yes","40","0.56","19.34","002056003097020800304001670009073120580200004000140069030005047706800905120490300","812756493697324851354981672469573128581269734273148569938615247746832915125497386"
"Puzzle_9x9_kindergarten_2","Backtracking","0","Yes","40","0.61","19.77","932008004050913700008054603205800940713000008000561020000702830084090005600300019","932678154456913782178254693265837941713429568849561327591742836384196275627385419"
"Puzzle_9x9_kindergarten_2","DLX","0","Yes","40","0.61","19.77","932008004050913700008054603205800940713000008000561020000702830084090005600300019","932008004050913700008054603205800940713000008000561020000702830084090005600300019"
"Puzzle_9x9_kindergarten_2","ConstraintPropagation","2","Yes","40","0.61","19.77","932008004050913700008054603205800940713000008000561020000702830084090005600300019","932678154456913782178254693265837941713429568849561327591742836384196275627385419"
"Puzzle_9x9_kindergarten_2","DPLLSAT","52","Yes","40","0.61","19.77","932008004050913700008054603205800940713000008000561020000702830084090005600300019","932678154456913782178254693265837941713429568849561327591742836384196275627385419"
"Puzzle_9x9_kindergarten_3","Backtracking","0","Yes","41","0.69","20.24","207000100300860205045031970680009030094500020000614807170308450052470008000002069","267945183319867245845231976681729534794583621523614897176398452952476318438152769"
"Puzzle_9x9_kindergarten_3","DLX","0","Yes","41","0.69","20.24","207000100300860205045031970680009030094500020000614807170308450052470008000002069","207000100300860205045031970680009030094500020000614807170308450052470008000002069"
"Puzzle_9x9_kindergarten_3","ConstraintPropagation","4","Yes","41","0.69","20.24","207000100300860205045031970680009030094500020000614807170308450052470008000002069","267945183319867245845231976681729534794583621523614897176398452952476318438152769"
"Puzzle_9x9_kindergarten_3","DPLLSAT","59","Yes","41","0.69","20.24","207000100300860205045031970680009030094500020000614807170308450052470008000002069","267945183319867245845231976681729534794583621523614897176398452952476318438152769"
"Puzzle_9x9_kindergarten_4","Backtracking","0","Yes","41","0.69","20.24","207000100300860205045031970680009030094500020000614807170308450052470008000002069","267945183319867245845231976681729534794583621523614897176398452952476318438152769"
"Puzzle_9x9_kindergarten_4","DLX","0","Yes","41","0.69","20.24","207000100300860205045031970680009030094500020000614807170308450052470008000002069","207000100300860205045031970680009030094500020000614807170308450052470008000002069"
"Puzzle_9x9_kindergarten_4","ConstraintPropagation","4","Yes","41","0.69","20.24","207000100300860205045031970680009030094500020000614807170308450052470008000002069","267945183319867245845231976681729534794583621523614897176398452952476318438152769"
"Puzzle_9x9_kindergarten_4","DPLLSAT","40","Yes","41","0.69","20.24","207000100300860205045031970680009030094500020000614807170308450052470008000002069","267945183319867245845231976681729534794583621523614897176398452952476318438152769"
"Puzzle_9x9_kindergarten_5","DLX","0","Yes","39","0.65","20.86","805100600020739000010006042980070005070263900402500031100007053300904820046080070","805100600020739000010006042980070005070263900402500031100007053300904820046080070"
"Puzzle_9x9_kindergarten_5","Backtracking","2","Yes","39","0.65","20.86","805100600020739000010006042980070005070263900402500031100007053300904820046080070","835142697624739518719856342983471265571263984462598731198627453357914826246385179"
"Puzzle_9x9_kindergarten_5","ConstraintPropagation","2","Yes","39","0.65","20.86","805100600020739000010006042980070005070263900402500031100007053300904820046080070","835142697624739518719856342983471265571263984462598731198627453357914826246385179"
"Puzzle_9x9_kindergarten_5","DPLLSAT","35","Yes","39","0.65","20.86","805100600020739000010006042980070005070263900402500031100007053300904820046080070","835142697624739518719856342983471265571263984462598731198627453357914826246385179"
"Puzzle_9x9_kindergarten_6","Backtracking","0","Yes","39","0.67","20.99","002040053930720000105800706304001060090204801060070590703009000050680012018530400","872146953936725148145893726384951267597264831261378594723419685459687312618532479"
"Puzzle_9x9_kindergarten_6","ConstraintPropagation","1","Yes","39","0.67","20.99","002040053930720000105800706304001060090204801060070590703009000050680012018530400","872146953936725148145893726384951267597264831261378594723419685459687312618532479"
"Puzzle_9x9_kindergarten_6","DLX","1","Yes","39","0.67","20.99","002040053930720000105800706304001060090204801060070590703009000050680012018530400","002040053930720000105800706304001060090204801060070590703009000050680012018530400"
"Puzzle_9x9_kindergarten_6","DPLLSAT","35","Yes","39","0.67","20.99","002040053930720000105800706304001060090204801060070590703009000050680012018530400","872146953936725148145893726384951267597264831261378594723419685459687312618532479"
"Puzzle_9x9_kindergarten_7","Backtracking","0","Yes","40","0.73","21.24","001308050075020040006570309160482000030005270092130800028009035700240106400006007","941368752375921648286574319167482593834695271592137864628719435759243186413856927"
"Puzzle_9x9_kindergarten_7","ConstraintPropagation","1","Yes","40","0.73","21.24","001308050075020040006570309160482000030005270092130800028009035700240106400006007","941368752375921648286574319167482593834695271592137864628719435759243186413856927"
"Puzzle_9x9_kindergarten_7","DLX","1","Yes","40","0.73","21.24","001308050075020040006570309160482000030005270092130800028009035700240106400006007","001308050075020040006570309160482000030005270092130800028009035700240106400006007"
"Puzzle_9x9_kindergarten_7","DPLLSAT","37","Yes","40","0.73","21.24","001308050075020040006570309160482000030005270092130800028009035700240106400006007","941368752375921648286574319167482593834695271592137864628719435759243186413856927"
"Puzzle_9x9_kindergarten_8","Backtracking","0","Yes","41","0.81","21.40","067002400540090030002507018180073906300405080476100020050630070098020051003908200","867312495541896732932547618185273946329465187476189523254631879698724351713958264"
"Puzzle_9x9_kindergarten_8","ConstraintPropagation","1","Yes","41","0.81","21.40","067002400540090030002507018180073906300405080476100020050630070098020051003908200","867312495541896732932547618185273946329465187476189523254631879698724351713958264"
"Puzzle_9x9_kindergarten_8","DLX","1","Yes","41","0.81","21.40","067002400540090030002507018180073906300405080476100020050630070098020051003908200","067002400540090030002507018180073906300405080476100020050630070098020051003908200"
"Puzzle_9x9_kindergarten_8","DPLLSAT","34","Yes","41","0.81","21.40","067002400540090030002507018180073906300405080476100020050630070098020051003908200","867312495541896732932547618185273946329465187476189523254631879698724351713958264"
"Puzzle_9x9_kindergarten_9","Backtracking","0","Yes","39","0.72","21.45","830026050000005916096470008050830004714000020600002790070593600940060301002700080","831926457427385916596471238259837164714659823683142795178593642945268371362714589"
"Puzzle_9x9_kindergarten_9","ConstraintPropagation","0","Yes","39","0.72","21.45","830026050000005916096470008050830004714000020600002790070593600940060301002700080","831926457427385916596471238259837164714659823683142795178593642945268371362714589"
"Puzzle_9x9_kindergarten_9","DLX","0","Yes","39","0.72","21.45","830026050000005916096470008050830004714000020600002790070593600940060301002700080","830026050000005916096470008050830004714000020600002790070593600940060301002700080"
"Puzzle_9x9_kindergarten_9","DPLLSAT","35","Yes","39","0.72","21.45","830026050000005916096470008050830004714000020600002790070593600940060301002700080","831926457427385916596471238259837164714659823683142795178593642945268371362714589"
"Puzzle_9x9_kindergarten_10","Backtracking","0","Yes","41","0.81","21.60","005360000002059148870200306937001000100400005600083702501002460040195820083007090","415368279362759148879214356937521684128476935654983712591832467746195823283647591"
"Puzzle_9x9_kindergarten_10","DLX","0","Yes","41","0.81","21.60","005360000002059148870200306937001000100400005600083702501002460040195820083007090","005360000002059148870200306937001000100400005600083702501002460040195820083007090"
"Puzzle_9x9_kindergarten_10","ConstraintPropagation","2","Yes","41","0.81","21.60","005360000002059148870200306937001000100400005600083702501002460040195820083007090","415368279362759148879214356937521684128476935654983712591832467746195823283647591"
"Puzzle_9x9_kindergarten_10","DPLLSAT","44","Yes","41","0.81","21.60","005360000002059148870200306937001000100400005600083702501002460040195820083007090","415368279362759148879214356937521684128476935654983712591832467746195823283647591"
"Puzzle_9x9_kindergarten_11","Backtracking","0","Yes","40","0.80","21.84","570098100403000609000310520604120000090706304100005208320807450806430070001009006","572698143413572689968314527684123795295786314137945268329867451856431972741259836"
"Puzzle_9x9_kindergarten_11","DLX","0","Yes","40","0.80","21.84","570098100403000609000310520604120000090706304100005208320807450806430070001009006","570098100403000609000310520604120000090706304100005208320807450806430070001009006"
"Puzzle_9x9_kindergarten_11","ConstraintPropagation","1","Yes","40","0.80","21.84","570098100403000609000310520604120000090706304100005208320807450806430070001009006","572698143413572689968314527684123795295786314137945268329867451856431972741259836"
"Puzzle_9x9_kindergarten_11","DPLLSAT","34","Yes","40","0.80","21.84","570098100403000609000310520604120000090706304100005208320807450806430070001009006","572698143413572689968314527684123795295786314137945268329867451856431972741259836"
"Puzzle_9x9_kindergarten_12","Backtracking","0","Yes","39","0.78","21.85","075030004080127000903800600104002890050016307009080520300400015020703400608050709","275639184486127953913845672134572896852916347769384521397468215521793468648251739"
"Puzzle_9x9_kindergarten_12","DLX","0","Yes","39","0.78","21.85","075030004080127000903800600104002890050016307009080520300400015020703400608050709","075030004080127000903800600104002890050016307009080520300400015020703400608050709"
"Puzzle_9x9_kindergarten_12","ConstraintPropagation","1","Yes","39","0.78","21.85","075030004080127000903800600104002890050016307009080520300400015020703400608050709","275639184486127953913845672134572896852916347769384521397468215521793468648251739"
"Puzzle_9x9_kindergarten_12","DPLLSAT","36","Yes","39","0.78","21.85","075030004080127000903800600104002890050016307009080520300400015020703400608050709","275639184486127953913845672134572896852916347769384521397468215521793468648251739"
"Puzzle_9x9_kindergarten_13","Backtracking","0","Yes","40","0.78","21.89","004156700090030068072009013703084200040600001250070900160400820089502040005710030","834156792591237468672849513713984256948625371256371984167493825389562147425718639"
"Puzzle_9x9_kindergarten_13","DLX","0","Yes","40","0.78","21.89","004156700090030068072009013703084200040600001250070900160400820089502040005710030","004156700090030068072009013703084200040600001250070900160400820089502040005710030"
"Puzzle_9x9_kindergarten_13","ConstraintPropagation","1","Yes","40","0.78","21.89","004156700090030068072009013703084200040600001250070900160400820089502040005710030","834156792591237468672849513713984256948625371256371984167493825389562147425718639"
"Puzzle_9x9_kindergarten_13","DPLLSAT","35","Yes","40","0.78","21.89","004156700090030068072009013703084200040600001250070900160400820089502040005710030","834156792591237468672849513713984256948625371256371984167493825389562147425718639"
"Puzzle_9x9_kindergarten_14","Backtracking","0","Yes","39","0.76","21.90","010007000800490560092030408905000016700325090048600002150000009030568007406071230","614857923873492561592136478925784316761325894348619752157243689239568147486971235"
"Puzzle_9x9_kindergarten_14","DLX","0","Yes","39","0.76","21.90","010007000800490560092030408905000016700325090048600002150000009030568007406071230","010007000800490560092030408905000016700325090048600002150000009030568007406071230"
"Puzzle_9x9_kindergarten_14","ConstraintPropagation","1","Yes","39","0.76","21.90","010007000800490560092030408905000016700325090048600002150000009030568007406071230","614857923873492561592136478925784316761325894348619752157243689239568147486971235"
"Puzzle_9x9_kindergarten_14","DPLLSAT","35","Yes","39","0.76","21.90","010007000800490560092030408905000016700325090048600002150000009030568007406071230","614857923873492561592136478925784316761325894348619752157243689239568147486971235"
"Puzzle_9x9_kindergarten_15","Backtracking","0","Yes","40","0.87","22.36","503029680040700100080001504004050890009137200260040003305600970170003402006800015","513429687642785139987361524734256891859137246261948753325614978178593462496872315"
"Puzzle_9x9_kindergarten_15","ConstraintPropagation","0","Yes","40","0.87","22.36","503029680040700100080001504004050890009137200260040003305600970170003402006800015","513429687642785139987361524734256891859137246261948753325614978178593462496872315"
"Puzzle_9x9_kindergarten_15","DLX","0","Yes","40","0.87","22.36","503029680040700100080001504004050890009137200260040003305600970170003402006800015","503029680040700100080001504004050890009137200260040003305600970170003402006800015"
"Puzzle_9x9_kindergarten_15","DPLLSAT","35","Yes","40","0.87","22.36","503029680040700100080001504004050890009137200260040003305600970170003402006800015","513429687642785139987361524734256891859137246261948753325614978178593462496872315"
"Puzzle_9x9_kindergarten_16","Backtracking","0","Yes","41","0.89","22.65","890370000500009210603540007070410002200050069010908405102600038430087506008205900","891372654547869213623541897975416382284753169316928475152694738439187526768235941"
"Puzzle_9x9_kindergarten_16","ConstraintPropagation","0","Yes","41","0.89","22.65","890370000500009210603540007070410002200050069010908405102600038430087506008205900","891372654547869213623541897975416382284753169316928475152694738439187526768235941"
"Puzzle_9x9_kindergarten_16","DLX","1","Yes","41","0.89","22.65","890370000500009210603540007070410002200050069010908405102600038430087506008205900","890370000500009210603540007070410002200050069010908405102600038430087506008205900"
"Puzzle_9x9_kindergarten_16","DPLLSAT","32","Yes","41","0.89","22.65","890370000500009210603540007070410002200050069010908405102600038430087506008205900","891372654547869213623541897975416382284753169316928475152694738439187526768235941"
"Puzzle_9x9_kindergarten_17","Backtracking","0","Yes","39","0.82","22.65","490017056007403020801200970040180500709005013600030209000060801050008790320900040","492817356567493128831256974243189567789625413615734289974562831156348792328971645"
"Puzzle_9x9_kindergarten_17","DLX","0","Yes","39","0.82","22.65","490017056007403020801200970040180500709005013600030209000060801050008790320900040","490017056007403020801200970040180500709005013600030209000060801050008790320900040"
"Puzzle_9x9_kindergarten_17","ConstraintPropagation","1","Yes","39","0.82","22.65","490017056007403020801200970040180500709005013600030209000060801050008790320900040","492817356567493128831256974243189567789625413615734289974562831156348792328971645"
"Puzzle_9x9_kindergarten_17","DPLLSAT","35","Yes","39","0.82","22.65","490017056007403020801200970040180500709005013600030209000060801050008790320900040","492817356567493128831256974243189567789625413615734289974562831156348792328971645"
"Puzzle_9x9_kindergarten_18","Backtracking","0","Yes","40","0.86","22.70","390080070005302806700004012020861705800200030014030009006010020270098400439507060","392186574145372896768954312923861745857249631614735289586413927271698453439527168"
"Puzzle_9x9_kindergarten_18","ConstraintPropagation","0","Yes","40","0.86","22.70","390080070005302806700004012020861705800200030014030009006010020270098400439507060","392186574145372896768954312923861745857249631614735289586413927271698453439527168"
"Puzzle_9x9_kindergarten_18","DLX","1","Yes","40","0.86","22.70","390080070005302806700004012020861705800200030014030009006010020270098400439507060","390080070005302806700004012020861705800200030014030009006010020270098400439507060"
"Puzzle_9x9_kindergarten_18","DPLLSAT","34","Yes","40","0.86","22.70","390080070005302806700004012020861705800200030014030009006010020270098400439507060","392186574145372896768954312923861745857249631614735289586413927271698453439527168"
"Puzzle_9x9_kindergarten_19","Backtracking","0","Yes","40","0.91","23.17","000030105087020960600407003010079840000265001923000700095140600400083500130906027","249638175387521964651497283516379842874265391923814756795142638462783519138956427"
"Puzzle_9x9_kindergarten_19","ConstraintPropagation","0","Yes","40","0.91","23.17","000030105087020960600407003010079840000265001923000700095140600400083500130906027","249638175387521964651497283516379842874265391923814756795142638462783519138956427"
"Puzzle_9x9_kindergarten_19","DLX","0","Yes","40","0.91","23.17","000030105087020960600407003010079840000265001923000700095140600400083500130906027","000030105087020960600407003010079840000265001923000700095140600400083500130906027"
"Puzzle_9x9_kindergarten_19","DPLLSAT","33","Yes","40","0.91","23.17","000030105087020960600407003010079840000265001923000700095140600400083500130906027","249638175387521964651497283516379842874265391923814756795142638462783519138956427"
"Puzzle_9x9_kindergarten_20","Backtracking","0","Yes","39","0.89","23.38","706130089520408000090000120910200005800956407400007300600084001053020700004570906","746132589521498673398765124917243865832956417465817392679384251153629748284571936"
"Puzzle_9x9_kindergarten_20","ConstraintPropagation","0","Yes","39","0.89","23.38","706130089520408000090000120910200005800956407400007300600084001053020700004570906","746132589521498673398765124917243865832956417465817392679384251153629748284571936"
"Puzzle_9x9_kindergarten_20","DLX","0","Yes","39","0.89","23.38","706130089520408000090000120910200005800956407400007300600084001053020700004570906","706130089520408000090000120910200005800956407400007300600084001053020700004570906"
"Puzzle_9x9_kindergarten_20","DPLLSAT","32","Yes","39","0.89","23.38","706130089520408000090000120910200005800956407400007300600084001053020700004570906","746132589521498673398765124917243865832956417465817392679384251153629748284571936"
"Puzzle_9x9_kindergarten_21","Backtracking","0","Yes","38","0.85","23.65","004001932853006400020407008000098560905200013470000000030040007290153800601800020","764581932853926471129437658312798564985264713476315289538642197297153846641879325"
"Puzzle_9x9_kindergarten_21","ConstraintPropagation","0","Yes","38","0.85","23.65","004001932853006400020407008000098560905200013470000000030040007290153800601800020","764581932853926471129437658312798564985264713476315289538642197297153846641879325"
"Puzzle_9x9_kindergarten_21","DLX","1","Yes","38","0.85","23.65","004001932853006400020407008000098560905200013470000000030040007290153800601800020","004001932853006400020407008000098560905200013470000000030040007290153800601800020"
"Puzzle_9x9_kindergarten_21","DPLLSAT","48","Yes","38","0.85","23.65","004001932853006400020407008000098560905200013470000000030040007290153800601800020","764581932853926471129437658312798564985264713476315289538642197297153846641879325"
"Puzzle_9x9_kindergarten_22","Backtracking","0","Yes","41","1.01","23.83","090002073307040685001600020460107000802530419005280007708405200100009008040760530","694852173327941685581673924463197852872536419915284367738415296156329748249768531"
"Puzzle_9x9_kindergarten_22","ConstraintPropagation","0","Yes","41","1.01","23.83","090002073307040685001600020460107000802530419005280007708405200100009008040760530","694852173327941685581673924463197852872536419915284367738415296156329748249768531"
"Puzzle_9x9_kindergarten_22","DLX","0","Yes","41","1.01","23.83","090002073307040685001600020460107000802530419005280007708405200100009008040760530","090002073307040685001600020460107000802530419005280007708405200100009008040760530"
"Puzzle_9x9_kindergarten_22","DPLLSAT","38","Yes","41","1.01","23.83","090002073307040685001600020460107000802530419005280007708405200100009008040760530","694852173327941685581673924463197852872536419915284367738415296156329748249768531"
"Puzzle_9x9_kindergarten_23","Backtracking","0","Yes","40","0.98","24.17","900402100451003007007850069002008004030960270008100395009510002065307001700040086","986472153451693827327851469592738614134965278678124395849516732265387941713249586"
"Puzzle_9x9_kindergarten_23","DLX","0","Yes","40","0.98","24.17","900402100451003007007850069002008004030960270008100395009510002065307001700040086","900402100451003007007850069002008004030960270008100395009510002065307001700040086"
"Puzzle_9x9_kindergarten_23","ConstraintPropagation","1","Yes","40","0.98","24.17","900402100451003007007850069002008004030960270008100395009510002065307001700040086","986472153451693827327851469592738614134965278678124395849516732265387941713249586"
"Puzzle_9x9_kindergarten_23","DPLLSAT","39","Yes","40","0.98","24.17","900402100451003007007850069002008004030960270008100395009510002065307001700040086","986472153451693827327851469592738614134965278678124395849516732265387941713249586"
"Puzzle_9x9_kindergarten_24","Backtracking","0","Yes","39","1.00","24.76","000007016084000000190253700540091067007800530830060402253070009010906300600004028","325487916784619253196253784542391867967842531831765492253178649418926375679534128"
"Puzzle_9x9_kindergarten_24","DLX","0","Yes","39","1.00","24.76","000007016084000000190253700540091067007800530830060402253070009010906300600004028","000007016084000000190253700540091067007800530830060402253070009010906300600004028"
"Puzzle_9x9_kindergarten_24","ConstraintPropagation","1","Yes","39","1.00","24.76","000007016084000000190253700540091067007800530830060402253070009010906300600004028","325487916784619253196253784542391867967842531831765492253178649418926375679534128"
"Puzzle_9x9_kindergarten_24","DPLLSAT","40","Yes","39","1.00","24.76","000007016084000000190253700540091067007800530830060402253070009010906300600004028","325487916784619253196253784542391867967842531831765492253178649418926375679534128"
"Puzzle_9x9_kindergarten_25","Backtracking","0","Yes","38","0.93","25.23","000100542256900007700003080390050106000407003802001090609000200007348001410260058","938176542256984317741523689394852176165497823872631495689715234527348961413269758"
"Puzzle_9x9_kindergarten_25","ConstraintPropagation","0","Yes","38","0.93","25.23","000100542256900007700003080390050106000407003802001090609000200007348001410260058","938176542256984317741523689394852176165497823872631495689715234527348961413269758"
"Puzzle_9x9_kindergarten_25","DLX","0","Yes","38","0.93","25.23","000100542256900007700003080390050106000407003802001090609000200007348001410260058","000100542256900007700003080390050106000407003802001090609000200007348001410260058"
"Puzzle_9x9_kindergarten_25","DPLLSAT","40","Yes","38","0.93","25.23","000100542256900007700003080390050106000407003802001090609000200007348001410260058","938176542256984317741523689394852176165497823872631495689715234527348961413269758"
"Puzzle_9x9_expert_1","DLX","0","Yes","25","1.02","39.76","400705009000210054009004001060120000000000780030000000680003000097040100000000005","400705009000210054009004001060120000000000780030000000680003000097040100000000005"
"Puzzle_9x9_expert_1","Backtracking","1","Yes","25","1.02","39.76","400705009000210054009004001060120000000000780030000000680003000097040100000000005","413785269876219354259364871968127543145936782732458916681593427597642138324871695"
"Puzzle_9x9_expert_1","ConstraintPropagation","1","Yes","25","1.02","39.76","400705009000210054009004001060120000000000780030000000680003000097040100000000005","413785269876219354259364871968127543145936782732458916681593427597642138324871695"
"Puzzle_9x9_expert_1","DPLLSAT","39","Yes","25","1.02","39.76","400705009000210054009004001060120000000000780030000000680003000097040100000000005","413785269876219354259364871968127543145936782732458916681593427597642138324871695"
"Puzzle_9x9_highschool_1","DLX","0","Yes","24","0.97","40.71","090107080000500009000006000502000016000300000004009002071025000000980400300000200","090107080000500009000006000502000016000300000004009002071025000000980400300000200"
"Puzzle_9x9_highschool_1","ConstraintPropagation","1","Yes","24","0.97","40.71","090107080000500009000006000502000016000300000004009002071025000000980400300000200","296147583417538629853296147532874916769312854184659732971425368625983471348761295"
"Puzzle_9x9_highschool_1","Backtracking","8","Yes","24","0.97","40.71","090107080000500009000006000502000016000300000004009002071025000000980400300000200","296147583417538629853296147532874916769312854184659732971425368625983471348761295"
"Puzzle_9x9_highschool_1","DPLLSAT","39","Yes","24","0.97","40.71","090107080000500009000006000502000016000300000004009002071025000000980400300000200","296147583417538629853296147532874916769312854184659732971425368625983471348761295"
"Puzzle_9x9_expert_2","DLX","0","Yes","24","1.01","41.12","100700035045000000700000620000401000050030006000000007006009100401008050008007000","100700035045000000700000620000401000050030006000000007006009100401008050008007000"
"Puzzle_9x9_expert_2","Backtracking","2","Yes","24","1.01","41.12","100700035045000000700000620000401000050030006000000007006009100401008050008007000","129764835645283971783915624862471593957832416314596287276359148431628759598147362"
"Puzzle_9x9_expert_2","ConstraintPropagation","5","Yes","24","1.01","41.12","100700035045000000700000620000401000050030006000000007006009100401008050008007000","129764835645283971783915624862471593957832416314596287276359148431628759598147362"
"Puzzle_9x9_expert_2","DPLLSAT","34","Yes","24","1.01","41.12","100700035045000000700000620000401000050030006000000007006009100401008050008007000","129764835645283971783915624862471593957832416314596287276359148431628759598147362"
"Puzzle_9x9_expert_3","DLX","0","Yes","25","1.06","41.22","000819000060000000000006200026007015040000070800061000600300001500000008098040020","000819000060000000000006200026007015040000070800061000600300001500000008098040020"
"Puzzle_9x9_expert_3","ConstraintPropagation","1","Yes","25","1.06","41.22","000819000060000000000006200026007015040000070800061000600300001500000008098040020","253819764769254183481736259926487315145923876837561492672398541514672938398145627"
"Puzzle_9x9_expert_3","Backtracking","12","Yes","25","1.06","41.22","000819000060000000000006200026007015040000070800061000600300001500000008098040020","253819764769254183481736259926487315145923876837561492672398541514672938398145627"
"Puzzle_9x9_expert_3","DPLLSAT","41","Yes","25","1.06","41.22","000819000060000000000006200026007015040000070800061000600300001500000008098040020","253819764769254183481736259926487315145923876837561492672398541514672938398145627"
"Puzzle_9x9_expert_4","ConstraintPropagation","1","Yes","25","1.06","41.26","006903008000000200000050960000065000600004001005009020000090003301000000420010680","746923518958671234213458967134265879692784351875139426567892143381546792429317685"
"Puzzle_9x9_expert_4","DLX","2","Yes","25","1.06","41.26","006903008000000200000050960000065000600004001005009020000090003301000000420010680","006903008000000200000050960000065000600004001005009020000090003301000000420010680"
"Puzzle_9x9_expert_4","DPLLSAT","37","Yes","25","1.06","41.26","006903008000000200000050960000065000600004001005009020000090003301000000420010680","746923518958671234213458967134265879692784351875139426567892143381546792429317685"
"Puzzle_9x9_expert_4","Backtracking","68","Yes","25","1.06","41.26","006903008000000200000050960000065000600004001005009020000090003301000000420010680","746923518958671234213458967134265879692784351875139426567892143381546792429317685"
"Puzzle_9x9_expert_5","DLX","0","Yes","24","1.05","41.49","406087200031000500000050000000073000090200010000400070010600000005030000704000901","406087200031000500000050000000073000090200010000400070010600000005030000704000901"
"Puzzle_9x9_expert_5","Backtracking","1","Yes","24","1.05","41.49","406087200031000500000050000000073000090200010000400070010600000005030000704000901","456187293231946587879352146148573629597268314623419875312694758985731462764825931"
"Puzzle_9x9_expert_5","ConstraintPropagation","1","Yes","24","1.05","41.49","406087200031000500000050000000073000090200010000400070010600000005030000704000901","456187293231946587879352146148573629597268314623419875312694758985731462764825931"
"Puzzle_9x9_expert_5","DPLLSAT","51","Yes","24","1.05","41.49","406087200031000500000050000000073000090200010000400070010600000005030000704000901","456187293231946587879352146148573629597268314623419875312694758985731462764825931"
"Puzzle_9x9_expert_6","DLX","0","Yes","25","1.12","41.85","000010020000000584000700000509000003800609200006005100000500000300021970080040010","000010020000000584000700000509000003800609200006005100000500000300021970080040010"
"Puzzle_9x9_expert_6","Backtracking","1","Yes","25","1.12","41.85","000010020000000584000700000509000003800609200006005100000500000300021970080040010","465318729713296584928754631579182463841639257236475198197563842354821976682947315"
"Puzzle_9x9_expert_6","ConstraintPropagation","1","Yes","25","1.12","41.85","000010020000000584000700000509000003800609200006005100000500000300021970080040010","465318729713296584928754631579182463841639257236475198197563842354821976682947315"
"Puzzle_9x9_expert_6","DPLLSAT","44","Yes","25","1.12","41.85","000010020000000584000700000509000003800609200006005100000500000300021970080040010","465318729713296584928754631579182463841639257236475198197563842354821976682947315"
"Puzzle_9x9_expert_7","ConstraintPropagation","0","Yes","25","1.24","42.05","270608000000090000015047000000400070000000008001900030006304001000000583500000760","279618345468593217315247896632485179947132658851976432786354921124769583593821764"
"Puzzle_9x9_expert_7","DLX","0","Yes","25","1.24","42.05","270608000000090000015047000000400070000000008001900030006304001000000583500000760","270608000000090000015047000000400070000000008001900030006304001000000583500000760"
"Puzzle_9x9_expert_7","Backtracking","2","Yes","25","1.24","42.05","270608000000090000015047000000400070000000008001900030006304001000000583500000760","279618345468593217315247896632485179947132658851976432786354921124769583593821764"
"Puzzle_9x9_expert_7","DPLLSAT","34","Yes","25","1.24","42.05","270608000000090000015047000000400070000000008001900030006304001000000583500000760","279618345468593217315247896632485179947132658851976432786354921124769583593821764"
"Puzzle_9x9_highschool_2","DLX","0","Yes","24","0.77","42.08","000065000005000800109704000700300000040100039090000060004003090600500008000020700","000065000005000800109704000700300000040100039090000060004003090600500008000020700"
"Puzzle_9x9_highschool_2","Backtracking","7","Yes","24","0.77","42.08","000065000005000800109704000700300000040100039090000060004003090600500008000020700","478265913265931874139784625752396481846157239391842567584673192627519348913428756"
"Puzzle_9x9_highschool_2","ConstraintPropagation","8","Yes","24","0.77","42.08","000065000005000800109704000700300000040100039090000060004003090600500008000020700","478265913265931874139784625752396481846157239391842567584673192627519348913428756"
"Puzzle_9x9_highschool_2","DPLLSAT","50","Yes","24","0.77","42.08","000065000005000800109704000700300000040100039090000060004003090600500008000020700","478265913265931874139784625752396481846157239391842567584673192627519348913428756"
"Puzzle_9x9_expert_8","Backtracking","0","Yes","24","1.02","42.23","006804300090010000400007020030080001508000040000006000250900070080072000000300000","726894315893215467415637829632489751578123946149756238254968173381572694967341582"
"Puzzle_9x9_expert_8","DLX","0","Yes","24","1.02","42.23","006804300090010000400007020030080001508000040000006000250900070080072000000300000","006804300090010000400007020030080001508000040000006000250900070080072000000300000"
"Puzzle_9x9_expert_8","ConstraintPropagation","3","Yes","24","1.02","42.23","006804300090010000400007020030080001508000040000006000250900070080072000000300000","726894315893215467415637829632489751578123946149756238254968173381572694967341582"
"Puzzle_9x9_expert_8","DPLLSAT","37","Yes","24","1.02","42.23","006804300090010000400007020030080001508000040000006000250900070080072000000300000","726894315893215467415637829632489751578123946149756238254968173381572694967341582"
"Puzzle_9x9_expert_9","DLX","0","Yes","23","1.20","42.30","000350760008109000000000000200000100004008000701500000100000009070903000306000480","000350760008109000000000000200000100004008000701500000100000009070903000306000480"
"Puzzle_9x9_expert_9","Backtracking","1","Yes","23","1.20","42.30","000350760008109000000000000200000100004008000701500000100000009070903000306000480","419352768628179543537486921283697154954218637761534892142865379875943216396721485"
"Puzzle_9x9_expert_9","ConstraintPropagation","2","Yes","23","1.20","42.30","000350760008109000000000000200000100004008000701500000100000009070903000306000480","419352768628179543537486921283697154954218637761534892142865379875943216396721485"
"Puzzle_9x9_expert_9","DPLLSAT","33","Yes","23","1.20","42.30","000350760008109000000000000200000100004008000701500000100000009070903000306000480","419352768628179543537486921283697154954218637761534892142865379875943216396721485"
"Puzzle_9x9_expert_10","Backtracking","0","Yes","23","1.20","42.30","000350760008109000000000000200000100004008000701500000100000009070903000306000480","419352768628179543537486921283697154954218637761534892142865379875943216396721485"
"Puzzle_9x9_expert_10","DLX","0","Yes","23","1.20","42.30","000350760008109000000000000200000100004008000701500000100000009070903000306000480","000350760008109000000000000200000100004008000701500000100000009070903000306000480"
"Puzzle_9x9_expert_10","ConstraintPropagation","3","Yes","23","1.20","42.30","000350760008109000000000000200000100004008000701500000100000009070903000306000480","419352768628179543537486921283697154954218637761534892142865379875943216396721485"
"Puzzle_9x9_expert_10","DPLLSAT","38","Yes","23","1.20","42.30","000350760008109000000000000200000100004008000701500000100000009070903000306000480","419352768628179543537486921283697154954218637761534892142865379875943216396721485"
"Puzzle_9x9_expert_11","Backtracking","0","Yes","25","1.18","42.41","002008609050300000004105000000000176000002040070000805060900000020010000910050700","132748659657329481894165237249583176581672943376491825468937512725816394913254768"
"Puzzle_9x9_expert_11","ConstraintPropagation","0","Yes","25","1.18","42.41","002008609050300000004105000000000176000002040070000805060900000020010000910050700","132748659657329481894165237249583176581672943376491825468937512725816394913254768"
"Puzzle_9x9_expert_11","DLX","1","Yes","25","1.18","42.41","002008609050300000004105000000000176000002040070000805060900000020010000910050700","002008609050300000004105000000000176000002040070000805060900000020010000910050700"
"Puzzle_9x9_expert_11","DPLLSAT","42","Yes","25","1.18","42.41","002008609050300000004105000000000176000002040070000805060900000020010000910050700","132748659657329481894165237249583176581672943376491825468937512725816394913254768"
"Puzzle_9x9_expert_12","ConstraintPropagation","0","Yes","24","1.05","42.56","000398007030000002097000000600000050002904003850000120970500000000002010060000000","126398547538147692497625381643281759712954863859763124974516238385472916261839475"
"Puzzle_9x9_expert_12","Backtracking","1","Yes","24","1.05","42.56","000398007030000002097000000600000050002904003850000120970500000000002010060000000","126398547538147692497625381643281759712954863859763124974516238385472916261839475"
"Puzzle_9x9_expert_12","DLX","1","Yes","24","1.05","42.56","000398007030000002097000000600000050002904003850000120970500000000002010060000000","000398007030000002097000000600000050002904003850000120970500000000002010060000000"
"Puzzle_9x9_expert_12","DPLLSAT","39","Yes","24","1.05","42.56","000398007030000002097000000600000050002904003850000120970500000000002010060000000","126398547538147692497625381643281759712954863859763124974516238385472916261839475"
"Puzzle_9x9_expert_13","DLX","0","Yes","23","1.01","42.57","080700000204000080000600300090300507000001004040270600100400000800000070030009000","080700000204000080000600300090300507000001004040270600100400000800000070030009000"
"Puzzle_9x9_expert_13","ConstraintPropagation","7","Yes","23","1.01","42.57","080700000204000080000600300090300507000001004040270600100400000800000070030009000","983742165264513789715698342691384527572961834348275691126437958859126473437859216"
"Puzzle_9x9_expert_13","Backtracking","13","Yes","23","1.01","42.57","080700000204000080000600300090300507000001004040270600100400000800000070030009000","983742165264513789715698342691384527572961834348275691126437958859126473437859216"
"Puzzle_9x9_expert_13","DPLLSAT","43","Yes","23","1.01","42.57","080700000204000080000600300090300507000001004040270600100400000800000070030009000","983742165264513789715698342691384527572961834348275691126437958859126473437859216"
"Puzzle_9x9_expert_14","DLX","2","Yes","23","1.13","42.65","300004000090000145006000000000000007800000234050097000000900000010000086000208910","300004000090000145006000000000000007800000234050097000000900000010000086000208910"
"Puzzle_9x9_expert_14","ConstraintPropagation","4","Yes","23","1.13","42.65","300004000090000145006000000000000007800000234050097000000900000010000086000208910","325814679798623145146579328631482597879156234254397861483961752912735486567248913"
"Puzzle_9x9_expert_14","Backtracking","19","Yes","23","1.13","42.65","300004000090000145006000000000000007800000234050097000000900000010000086000208910","325814679798623145146579328631482597879156234254397861483961752912735486567248913"
"Puzzle_9x9_expert_14","DPLLSAT","38","Yes","23","1.13","42.65","300004000090000145006000000000000007800000234050097000000900000010000086000208910","325814679798623145146579328631482597879156234254397861483961752912735486567248913"
"Puzzle_9x9_expert_15","DLX","0","Yes","24","1.27","42.73","060005070400000065000000820500306200000800000080009000003100087906002050001000000","060005070400000065000000820500306200000800000080009000003100087906002050001000000"
"Puzzle_9x9_expert_15","ConstraintPropagation","6","Yes","24","1.27","42.73","060005070400000065000000820500306200000800000080009000003100087906002050001000000","168235479432978165795461823517346298629817534384529716253194687946782351871653942"
"Puzzle_9x9_expert_15","Backtracking","10","Yes","24","1.27","42.73","060005070400000065000000820500306200000800000080009000003100087906002050001000000","168235479432978165795461823517346298629817534384529716253194687946782351871653942"
"Puzzle_9x9_expert_15","DPLLSAT","40","Yes","24","1.27","42.73","060005070400000065000000820500306200000800000080009000003100087906002050001000000","168235479432978165795461823517346298629817534384529716253194687946782351871653942"
"Puzzle_9x9_expert_16","Backtracking","0","Yes","24","1.07","42.78","600207000000000005015000079000075490003980000000100000028000000030000500004008610","689257134372419865415863279861375492243986751957142386528631947136794528794528613"
"Puzzle_9x9_expert_16","DLX","0","Yes","24","1.07","42.78","600207000000000005015000079000075490003980000000100000028000000030000500004008610","600207000000000005015000079000075490003980000000100000028000000030000500004008610"
"Puzzle_9x9_expert_16","ConstraintPropagation","1","Yes","24","1.07","42.78","600207000000000005015000079000075490003980000000100000028000000030000500004008610","689257134372419865415863279861375492243986751957142386528631947136794528794528613"
"Puzzle_9x9_expert_16","DPLLSAT","32","Yes","24","1.07","42.78","600207000000000005015000079000075490003980000000100000028000000030000500004008610","689257134372419865415863279861375492243986751957142386528631947136794528794528613"
"Puzzle_9x9_highschool_3","DLX","0","Yes","23","0.81","42.87","020010007400090050009000000050026040008040010300500000000000800000908000907000103","020010007400090050009000000050026040008040010300500000000000800000908000907000103"
"Puzzle_9x9_highschool_3","ConstraintPropagation","1","Yes","23","0.81","42.87","020010007400090050009000000050026040008040010300500000000000800000908000907000103","826415937413792658579683421751826349268349715394571286645137892132968574987254163"
"Puzzle_9x9_highschool_3","Backtracking","2","Yes","23","0.81","42.87","020010007400090050009000000050026040008040010300500000000000800000908000907000103","826415937413792658579683421751826349268349715394571286645137892132968574987254163"
"Puzzle_9x9_highschool_3","DPLLSAT","46","Yes","23","0.81","42.87","020010007400090050009000000050026040008040010300500000000000800000908000907000103","826415937413792658579683421751826349268349715394571286645137892132968574987254163"
"Puzzle_9x9_expert_17","Backtracking","0","Yes","25","1.02","42.97","000270100000008000803006409005001080004090002070000000000502700500069000430000500","956274138741938265823156479365421987184793652279685341698542713517369824432817596"
"Puzzle_9x9_expert_17","DLX","0","Yes","25","1.02","42.97","000270100000008000803006409005001080004090002070000000000502700500069000430000500","000270100000008000803006409005001080004090002070000000000502700500069000430000500"
"Puzzle_9x9_expert_17","ConstraintPropagation","1","Yes","25","1.02","42.97","000270100000008000803006409005001080004090002070000000000502700500069000430000500","956274138741938265823156479365421987184793652279685341698542713517369824432817596"
"Puzzle_9x9_expert_17","DPLLSAT","36","Yes","25","1.02","42.97","000270100000008000803006409005001080004090002070000000000502700500069000430000500","956274138741938265823156479365421987184793652279685341698542713517369824432817596"
"Puzzle_9x9_highschool_4","DLX","0","Yes","24","0.98","42.97","000080000000000163042300000050001006000009308000800020070002000109067200000040001","000080000000000163042300000050001006000009308000800020070002000109067200000040001"
"Puzzle_9x9_highschool_4","ConstraintPropagation","2","Yes","24","0.98","42.97","000080000000000163042300000050001006000009308000800020070002000109067200000040001","391786542587294163642315897853421976724659318916873425478132659139567284265948731"
"Puzzle_9x9_highschool_4","Backtracking","3","Yes","24","0.98","42.97","000080000000000163042300000050001006000009308000800020070002000109067200000040001","391786542587294163642315897853421976724659318916873425478132659139567284265948731"
"Puzzle_9x9_highschool_4","DPLLSAT","31","Yes","24","0.98","42.97","000080000000000163042300000050001006000009308000800020070002000109067200000040001","391786542587294163642315897853421976724659318916873425478132659139567284265948731"
"Puzzle_9x9_highschool_5","ConstraintPropagation","0","Yes","23","0.85","43.19","200000010003078000540900080000040200090010000700000800020000067080002900000056000","278364519913578642546921783351847296892613475764295831125489367687132954439756128"
"Puzzle_9x9_highschool_5","DLX","0","Yes","23","0.85","43.19","200000010003078000540900080000040200090010000700000800020000067080002900000056000","200000010003078000540900080000040200090010000700000800020000067080002900000056000"
"Puzzle_9x9_highschool_5","Backtracking","4","Yes","23","0.85","43.19","200000010003078000540900080000040200090010000700000800020000067080002900000056000","278364519913578642546921783351847296892613475764295831125489367687132954439756128"
"Puzzle_9x9_highschool_5","DPLLSAT","34","Yes","23","0.85","43.19","200000010003078000540900080000040200090010000700000800020000067080002900000056000","278364519913578642546921783351847296892613475764295831125489367687132954439756128"
"Puzzle_9x9_expert_18","ConstraintPropagation","1","Yes","24","1.01","43.25","000007000001560000000000937360000000008002006490050001000000079640010000080076000","924837165731569248856124937365781492178492356492653781513248679647915823289376514"
"Puzzle_9x9_expert_18","DLX","1","Yes","24","1.01","43.25","000007000001560000000000937360000000008002006490050001000000079640010000080076000","000007000001560000000000937360000000008002006490050001000000079640010000080076000"
"Puzzle_9x9_expert_18","Backtracking","6","Yes","24","1.01","43.25","000007000001560000000000937360000000008002006490050001000000079640010000080076000","924837165731569248856124937365781492178492356492653781513248679647915823289376514"
"Puzzle_9x9_expert_18","DPLLSAT","31","Yes","24","1.01","43.25","000007000001560000000000937360000000008002006490050001000000079640010000080076000","924837165731569248856124937365781492178492356492653781513248679647915823289376514"
"Puzzle_9x9_highschool_6","DLX","0","Yes","23","0.99","43.42","080000300000010000000000104230000500400038020008506000006003400500007060090040000","080000300000010000000000104230000500400038020008506000006003400500007060090040000"
"Puzzle_9x9_highschool_6","ConstraintPropagation","1","Yes","23","0.99","43.42","080000300000010000000000104230000500400038020008506000006003400500007060090040000","681754392954312678327869154239471586465938721718526943876293415543187269192645837"
"Puzzle_9x9_highschool_6","DPLLSAT","32","Yes","23","0.99","43.42","080000300000010000000000104230000500400038020008506000006003400500007060090040000","681754392954312678327869154239471586465938721718526943876293415543187269192645837"
"Puzzle_9x9_highschool_6","Backtracking","43","Yes","23","0.99","43.42","080000300000010000000000104230000500400038020008506000006003400500007060090040000","681754392954312678327869154239471586465938721718526943876293415543187269192645837"
"Puzzle_9x9_expert_19","Backtracking","0","Yes","25","1.28","43.47","001000650900803000020000000290500006500000070834010002040789000000030040700000000","371924658965873421428156739297548316516392874834617592143789265689235147752461983"
"Puzzle_9x9_expert_19","ConstraintPropagation","0","Yes","25","1.28","43.47","001000650900803000020000000290500006500000070834010002040789000000030040700000000","371924658965873421428156739297548316516392874834617592143789265689235147752461983"
"Puzzle_9x9_expert_19","DLX","0","Yes","25","1.28","43.47","001000650900803000020000000290500006500000070834010002040789000000030040700000000","001000650900803000020000000290500006500000070834010002040789000000030040700000000"
"Puzzle_9x9_expert_19","DPLLSAT","31","Yes","25","1.28","43.47","001000650900803000020000000290500006500000070834010002040789000000030040700000000","371924658965873421428156739297548316516392874834617592143789265689235147752461983"
"Puzzle_9x9_highschool_7","ConstraintPropagation","0","Yes","23","0.89","43.66","000000039020010600034000002006800000100600540700003200003000090600052010000000000","561284739827319654934576182346825971182697543759143268213768495698452317475931826"
"Puzzle_9x9_highschool_7","DLX","0","Yes","23","0.89","43.66","000000039020010600034000002006800000100600540700003200003000090600052010000000000","000000039020010600034000002006800000100600540700003200003000090600052010000000000"
"Puzzle_9x9_highschool_7","Backtracking","1","Yes","23","0.89","43.66","000000039020010600034000002006800000100600540700003200003000090600052010000000000","561284739827319654934576182346825971182697543759143268213768495698452317475931826"
"Puzzle_9x9_highschool_7","DPLLSAT","32","Yes","23","0.89","43.66","000000039020010600034000002006800000100600540700003200003000090600052010000000000","561284739827319654934576182346825971182697543759143268213768495698452317475931826"
"Puzzle_9x9_expert_20","DLX","0","Yes","22","0.86","43.71","001090000000050000207000080030000000800003040000700100000000908009340700053002004","001090000000050000207000080030000000800003040000700100000000908009340700053002004"
"Puzzle_9x9_expert_20","ConstraintPropagation","1","Yes","22","0.86","43.71","001090000000050000207000080030000000800003040000700100000000908009340700053002004","541896372368257491297134586135429867876513249924768153412675938689341725753982614"
"Puzzle_9x9_expert_20","DPLLSAT","34","Yes","22","0.86","43.71","001090000000050000207000080030000000800003040000700100000000908009340700053002004","541896372368257491297134586135429867876513249924768153412675938689341725753982614"
"Puzzle_9x9_expert_20","Backtracking","53","Yes","22","0.86","43.71","001090000000050000207000080030000000800003040000700100000000908009340700053002004","541896372368257491297134586135429867876513249924768153412675938689341725753982614"
"Puzzle_9x9_expert_21","DLX","0","Yes","22","0.99","43.79","105000090000004600000600000000000007000913060090000052400070000810030020006008000","105000090000004600000600000000000007000913060090000052400070000810030020006008000"
"Puzzle_9x9_expert_21","ConstraintPropagation","1","Yes","22","0.99","43.79","105000090000004600000600000000000007000913060090000052400070000810030020006008000","165782493278394615943651278681245937752913864394867152429576381817439526536128749"
"Puzzle_9x9_expert_21","DPLLSAT","36","Yes","22","0.99","43.79","105000090000004600000600000000000007000913060090000052400070000810030020006008000","165782493278394615943651278681245937752913864394867152429576381817439526536128749"
"Puzzle_9x9_expert_21","Backtracking","69","Yes","22","0.99","43.79","105000090000004600000600000000000007000913060090000052400070000810030020006008000","165782493278394615943651278681245937752913864394867152429576381817439526536128749"
"Puzzle_9x9_expert_22","DLX","0","Yes","24","1.28","43.83","408200000209700000030100000000305120041000609000000000000000418007020090500000002","408200000209700000030100000000305120041000609000000000000000418007020090500000002"
"Puzzle_9x9_expert_22","ConstraintPropagation","1","Yes","24","1.28","43.83","408200000209700000030100000000305120041000609000000000000000418007020090500000002","478256931219734586635189274896345127341872659752691843923567418167428395584913762"
"Puzzle_9x9_expert_22","Backtracking","2","Yes","24","1.28","43.83","408200000209700000030100000000305120041000609000000000000000418007020090500000002","478256931219734586635189274896345127341872659752691843923567418167428395584913762"
"Puzzle_9x9_expert_22","DPLLSAT","33","Yes","24","1.28","43.83","408200000209700000030100000000305120041000609000000000000000418007020090500000002","478256931219734586635189274896345127341872659752691843923567418167428395584913762"
"Puzzle_9x9_expert_23","ConstraintPropagation","1","Yes","23","1.04","43.89","007420000010900000000001030000800720040070580300000010030060000900030050000009001","857423196613987245429651837596814723142376589378592614234165978961738452785249361"
"Puzzle_9x9_expert_23","DLX","1","Yes","23","1.04","43.89","007420000010900000000001030000800720040070580300000010030060000900030050000009001","007420000010900000000001030000800720040070580300000010030060000900030050000009001"
"Puzzle_9x9_expert_23","Backtracking","2","Yes","23","1.04","43.89","007420000010900000000001030000800720040070580300000010030060000900030050000009001","857423196613987245429651837596814723142376589378592614234165978961738452785249361"
"Puzzle_9x9_expert_23","DPLLSAT","35","Yes","23","1.04","43.89","007420000010900000000001030000800720040070580300000010030060000900030050000009001","857423196613987245429651837596814723142376589378592614234165978961738452785249361"
"Puzzle_9x9_expert_24","DLX","0","Yes","23","1.04","43.89","000020060004080009000073040305009000408000100000000300009000070040000086070002001","000020060004080009000073040305009000408000100000000300009000070040000086070002001"
"Puzzle_9x9_expert_24","Backtracking","1","Yes","23","1.04","43.89","000020060004080009000073040305009000408000100000000300009000070040000086070002001","581924763734685219962173845315749628498236157627851394159368472243517986876492531"
"Puzzle_9x9_expert_24","ConstraintPropagation","1","Yes","23","1.04","43.89","000020060004080009000073040305009000408000100000000300009000070040000086070002001","581924763734685219962173845315749628498236157627851394159368472243517986876492531"
"Puzzle_9x9_expert_24","DPLLSAT","32","Yes","23","1.04","43.89","000020060004080009000073040305009000408000100000000300009000070040000086070002001","581924763734685219962173845315749628498236157627851394159368472243517986876492531"
"Puzzle_9x9_highschool_8","DLX","0","Yes","23","0.94","44.09","000090001070063204300008000020000090060804000001000000507000009000000640008100005","000090001070063204300008000020000090060804000001000000507000009000000640008100005"
"Puzzle_9x9_highschool_8","Backtracking","1","Yes","23","0.94","44.09","000090001070063204300008000020000090060804000001000000507000009000000640008100005","486297531179563284352418967724651893965834712831729456547386129213975648698142375"
"Puzzle_9x9_highschool_8","ConstraintPropagation","2","Yes","23","0.94","44.09","000090001070063204300008000020000090060804000001000000507000009000000640008100005","486297531179563284352418967724651893965834712831729456547386129213975648698142375"
"Puzzle_9x9_highschool_8","DPLLSAT","35","Yes","23","0.94","44.09","000090001070063204300008000020000090060804000001000000507000009000000640008100005","486297531179563284352418967724651893965834712831729456547386129213975648698142375"
"Puzzle_9x9_expert_25","Backtracking","0","Yes","24","1.10","44.17","100030000000600090084052030000000007205009480000020050010000605070000000009400020","126938574537614892984752136391845267265379481748126359813297645472563918659481723"
"Puzzle_9x9_expert_25","DLX","0","Yes","24","1.10","44.17","100030000000600090084052030000000007205009480000020050010000605070000000009400020","100030000000600090084052030000000007205009480000020050010000605070000000009400020"
"Puzzle_9x9_expert_25","ConstraintPropagation","1","Yes","24","1.10","44.17","100030000000600090084052030000000007205009480000020050010000605070000000009400020","167938542523674198984152736891345267235769481746821359418293675372586914659417823"
"Puzzle_9x9_expert_25","DPLLSAT","36","Yes","24","1.10","44.17","100030000000600090084052030000000007205009480000020050010000605070000000009400020","126938574537614892984752136391845267265379481748126359813297645472563918659481723"
"Puzzle_9x9_highschool_9","ConstraintPropagation","0","Yes","23","0.95","44.23","700050602001008000005900010300000085000307000600000201002400003009000000000010007","783154692961238574245976318324691785518327469697845231172469853459783126836512947"
"Puzzle_9x9_highschool_9","DLX","0","Yes","23","0.95","44.23","700050602001008000005900010300000085000307000600000201002400003009000000000010007","700050602001008000005900010300000085000307000600000201002400003009000000000010007"
"Puzzle_9x9_highschool_9","Backtracking","1","Yes","23","0.95","44.23","700050602001008000005900010300000085000307000600000201002400003009000000000010007","783154692961238574245976318324691785518327469697845231172469853459783126836512947"
"Puzzle_9x9_highschool_9","DPLLSAT","32","Yes","23","0.95","44.23","700050602001008000005900010300000085000307000600000201002400003009000000000010007","783154692961238574245976318324691785518327469697845231172469853459783126836512947"
"Puzzle_9x9_highschool_10","DLX","0","Yes","23","0.71","44.37","007006090000000200005009000320000000001090008000208307010460700080000030000070006","007006090000000200005009000320000000001090008000208307010460700080000030000070006"
"Puzzle_9x9_highschool_10","ConstraintPropagation","9","Yes","23","0.71","44.37","007006090000000200005009000320000000001090008000208307010460700080000030000070006","847526193193784265265139874328647951471395628659218347512463789786951432934872516"
"Puzzle_9x9_highschool_10","Backtracking","34","Yes","23","0.71","44.37","007006090000000200005009000320000000001090008000208307010460700080000030000070006","847526193193784265265139874328647951471395628659218347512463789786951432934872516"
"Puzzle_9x9_highschool_10","DPLLSAT","36","Yes","23","0.71","44.37","007006090000000200005009000320000000001090008000208307010460700080000030000070006","847526193193784265265139874328647951471395628659218347512463789786951432934872516"
"Puzzle_9x9_expert_26","ConstraintPropagation","0","Yes","24","1.01","44.45","007430000000705009009001006020000060080040000004000085060027000000000102002000054","617439528248765319359281746723958461586142937194376285461527893835694172972813654"
"Puzzle_9x9_expert_26","DLX","0","Yes","24","1.01","44.45","007430000000705009009001006020000060080040000004000085060027000000000102002000054","007430000000705009009001006020000060080040000004000085060027000000000102002000054"
"Puzzle_9x9_expert_26","Backtracking","1","Yes","24","1.01","44.45","007430000000705009009001006020000060080040000004000085060027000000000102002000054","617439528248765319359281746723958461586142937194376285461527893835694172972813654"
"Puzzle_9x9_expert_26","DPLLSAT","32","Yes","24","1.01","44.45","007430000000705009009001006020000060080040000004000085060027000000000102002000054","617439528248765319359281746723958461586142937194376285461527893835694172972813654"
"Puzzle_9x9_highschool_11","DLX","0","Yes","23","0.98","44.54","070000090000100060390000000700000000003000500000760320040001080000205004506004070","070000090000100060390000000700000000003000500000760320040001080000205004506004070"
"Puzzle_9x9_highschool_11","ConstraintPropagation","1","Yes","23","0.98","44.54","070000090000100060390000000700000000003000500000760320040001080000205004506004070","671352498485197263392846751729513846863429517154768329247631985918275634536984172"
"Puzzle_9x9_highschool_11","DPLLSAT","32","Yes","23","0.98","44.54","070000090000100060390000000700000000003000500000760320040001080000205004506004070","671352498485197263392846751729513846863429517154768329247631985918275634536984172"
"Puzzle_9x9_highschool_11","Backtracking","34","Yes","23","0.98","44.54","070000090000100060390000000700000000003000500000760320040001080000205004506004070","671352498485197263392846751729513846863429517154768329247631985918275634536984172"
"Puzzle_9x9_expert_27","DLX","0","Yes","23","1.21","44.56","700010000000530000086090000009000020000008000320400010600000450000000130047080200","700010000000530000086090000009000020000008000320400010600000450000000130047080200"
"Puzzle_9x9_expert_27","Backtracking","2","Yes","23","1.21","44.56","700010000000530000086090000009000020000008000320400010600000450000000130047080200","732814965914536782586792341879153624461928573325467819693271458258649137147385296"
"Puzzle_9x9_expert_27","ConstraintPropagation","2","Yes","23","1.21","44.56","700010000000530000086090000009000020000008000320400010600000450000000130047080200","732814965914536782586792341879153624461928573325467819693271458258649137147385296"
"Puzzle_9x9_expert_27","DPLLSAT","32","Yes","23","1.21","44.56","700010000000530000086090000009000020000008000320400010600000450000000130047080200","732814965914536782586792341879153624461928573325467819693271458258649137147385296"
"Puzzle_9x9_expert_28","ConstraintPropagation","0","Yes","24","1.35","44.58","800120040000300000007069000900040600000005720000800000000000000025080306108090500","863127945249358167517469832971243658684915723352876419796534281425781396138692574"
"Puzzle_9x9_expert_28","DLX","0","Yes","24","1.35","44.58","800120040000300000007069000900040600000005720000800000000000000025080306108090500","800120040000300000007069000900040600000005720000800000000000000025080306108090500"
"Puzzle_9x9_expert_28","Backtracking","2","Yes","24","1.35","44.58","800120040000300000007069000900040600000005720000800000000000000025080306108090500","863127945249358167517469832971243658684915723352876419796534281425781396138692574"
"Puzzle_9x9_expert_28","DPLLSAT","32","Yes","24","1.35","44.58","800120040000300000007069000900040600000005720000800000000000000025080306108090500","863127945249358167517469832971243658684915723352876419796534281425781396138692574"
"Puzzle_9x9_highschool_12","Backtracking","0","Yes","23","0.88","44.67","010700040094000600000015000508300206000002000003000100800070000000000010062000034","215769348794823651386415927548391276671582493923647185839174562457236819162958734"
"Puzzle_9x9_highschool_12","DLX","0","Yes","23","0.88","44.67","010700040094000600000015000508300206000002000003000100800070000000000010062000034","010700040094000600000015000508300206000002000003000100800070000000000010062000034"
"Puzzle_9x9_highschool_12","ConstraintPropagation","4","Yes","23","0.88","44.67","010700040094000600000015000508300206000002000003000100800070000000000010062000034","215769348794823651386415927548391276671582493923647185839174562457236819162958734"
"Puzzle_9x9_highschool_12","DPLLSAT","32","Yes","23","0.88","44.67","010700040094000600000015000508300206000002000003000100800070000000000010062000034","215769348794823651386415927548391276671582493923647185839174562457236819162958734"
"Puzzle_9x9_expert_29","DLX","0","Yes","22","0.84","44.72","403020001200090043000000000000008620070200000030040000009706500000300080000000004","403020001200090043000000000000008620070200000030040000009706500000300080000000004"
"Puzzle_9x9_expert_29","ConstraintPropagation","1","Yes","22","0.84","44.72","403020001200090043000000000000008620070200000030040000009706500000300080000000004","463825971257691843918473256594138627871269435632547198349786512126354789785912364"
"Puzzle_9x9_expert_29","Backtracking","2","Yes","22","0.84","44.72","403020001200090043000000000000008620070200000030040000009706500000300080000000004","463825971257691843918473256594138627871269435632547198349786512126354789785912364"
"Puzzle_9x9_expert_29","DPLLSAT","34","Yes","22","0.84","44.72","403020001200090043000000000000008620070200000030040000009706500000300080000000004","463825971257691843918473256594138627871269435632547198349786512126354789785912364"
"Puzzle_9x9_expert_30","DLX","0","Yes","22","0.97","44.73","008010000057030406040000000800000002020100090000400000000000850000365004100000070","008010000057030406040000000800000002020100090000400000000000850000365004100000070"
"Puzzle_9x9_expert_30","ConstraintPropagation","1","Yes","22","0.97","44.73","008010000057030406040000000800000002020100090000400000000000850000365004100000070","698514237257839416341627985816953742524176398973482561462791853789365124135248679"
"Puzzle_9x9_expert_30","DPLLSAT","33","Yes","22","0.97","44.73","008010000057030406040000000800000002020100090000400000000000850000365004100000070","698514237257839416341627985816953742524176398973482561462791853789365124135248679"
"Puzzle_9x9_expert_30","Backtracking","89","Yes","22","0.97","44.73","008010000057030406040000000800000002020100090000400000000000850000365004100000070","698514237257839416341627985816953742524176398973482561462791853789365124135248679"
"Puzzle_9x9_expert_31","DLX","0","Yes","25","1.42","44.88","003090000506074000900000040000002000000051070080736205008000403097060000000000002","003090000506074000900000040000002000000051070080736205008000403097060000000000002"
"Puzzle_9x9_expert_31","Backtracking","2","Yes","25","1.42","44.88","003090000506074000900000040000002000000051070080736205008000403097060000000000002","843695127526174389971328546715942638362851974489736215658217493297463851134589762"
"Puzzle_9x9_expert_31","ConstraintPropagation","2","Yes","25","1.42","44.88","003090000506074000900000040000002000000051070080736205008000403097060000000000002","843695127526174389971328546715942638362851974489736215658217493297463851134589762"
"Puzzle_9x9_expert_31","DPLLSAT","32","Yes","25","1.42","44.88","003090000506074000900000040000002000000051070080736205008000403097060000000000002","843695127526174389971328546715942638362851974489736215658217493297463851134589762"
"Puzzle_9x9_expert_32","DLX","0","Yes","23","1.02","44.90","800020000391000000060309050180000700009800200000400500000080000050007080400000010","800020000391000000060309050180000700009800200000400500000080000050007080400000010"
"Puzzle_9x9_expert_32","ConstraintPropagation","5","Yes","23","1.02","44.90","800020000391000000060309050180000700009800200000400500000080000050007080400000010","845726139391548672267319854184295763579863241623471598716984325952137486438652917"
"Puzzle_9x9_expert_32","Backtracking","13","Yes","23","1.02","44.90","800020000391000000060309050180000700009800200000400500000080000050007080400000010","845726139391548672267319854184295763579863241623471598716984325952137486438652917"
"Puzzle_9x9_expert_32","DPLLSAT","36","Yes","23","1.02","44.90","800020000391000000060309050180000700009800200000400500000080000050007080400000010","845726139391548672267319854184295763579863241623471598716984325952137486438652917"
"Puzzle_9x9_expert_33","DLX","0","Yes","22","0.87","45.02","080700000072004010000080065000050379000100000900002000200000008000010050106000000","080700000072004010000080065000050379000100000900002000200000008000010050106000000"
"Puzzle_9x9_expert_33","Backtracking","1","Yes","22","0.87","45.02","080700000072004010000080065000050379000100000900002000200000008000010050106000000","583761924672594813419283765821456379764139582935872641297645138348917256156328497"
"Puzzle_9x9_expert_33","ConstraintPropagation","4","Yes","22","0.87","45.02","080700000072004010000080065000050379000100000900002000200000008000010050106000000","583761924672594813419283765821456379764139582935872641297645138348917256156328497"
"Puzzle_9x9_expert_33","DPLLSAT","36","Yes","22","0.87","45.02","080700000072004010000080065000050379000100000900002000200000008000010050106000000","583761924672594813419283765821456379764139582935872641297645138348917256156328497"
"Puzzle_9x9_highschool_13","Backtracking","1","Yes","23","0.92","45.15","600001300008000409000000000060038700040000020509007001070500080200090010004000000","695841372718352469423679158162438795847915623539267841371524986286793514954186237"
"Puzzle_9x9_highschool_13","ConstraintPropagation","1","Yes","23","0.92","45.15","600001300008000409000000000060038700040000020509007001070500080200090010004000000","695841372718352469423679158162438795847915623539267841371524986286793514954186237"
"Puzzle_9x9_highschool_13","DLX","1","Yes","23","0.92","45.15","600001300008000409000000000060038700040000020509007001070500080200090010004000000","600001300008000409000000000060038700040000020509007001070500080200090010004000000"
"Puzzle_9x9_highschool_13","DPLLSAT","33","Yes","23","0.92","45.15","600001300008000409000000000060038700040000020509007001070500080200090010004000000","695841372718352469423679158162438795847915623539267841371524986286793514954186237"
"Puzzle_9x9_expert_34","Backtracking","0","Yes","23","1.16","45.17","000040957000010400007200080001050000002073008900000100000000000500002004300009006","123648957895317462647295381781956243452173698936824175278461539569732814314589726"
"Puzzle_9x9_expert_34","ConstraintPropagation","0","Yes","23","1.16","45.17","000040957000010400007200080001050000002073008900000100000000000500002004300009006","123648957895317462647295381781956243452173698936824175278461539569732814314589726"
"Puzzle_9x9_expert_34","DLX","0","Yes","23","1.16","45.17","000040957000010400007200080001050000002073008900000100000000000500002004300009006","000040957000010400007200080001050000002073008900000100000000000500002004300009006"
"Puzzle_9x9_expert_34","DPLLSAT","35","Yes","23","1.16","45.17","000040957000010400007200080001050000002073008900000100000000000500002004300009006","123648957895317462647295381781956243452173698936824175278461539569732814314589726"
"Puzzle_9x9_expert_35","ConstraintPropagation","0","Yes","22","0.81","45.67","030070008000060040007005000000000630001300000049800001000000870005002000000103004","634271598152968347987435216728514639561397482349826751213649875495782163876153924"
"Puzzle_9x9_expert_35","DLX","0","Yes","22","0.81","45.67","030070008000060040007005000000000630001300000049800001000000870005002000000103004","030070008000060040007005000000000630001300000049800001000000870005002000000103004"
"Puzzle_9x9_expert_35","Backtracking","1","Yes","22","0.81","45.67","030070008000060040007005000000000630001300000049800001000000870005002000000103004","634271598152968347987435216728514639561397482349826751213649875495782163876153924"
"Puzzle_9x9_expert_35","DPLLSAT","30","Yes","22","0.81","45.67","030070008000060040007005000000000630001300000049800001000000870005002000000103004","634271598152968347987435216728514639561397482349826751213649875495782163876153924"
"Puzzle_9x9_highschool_14","ConstraintPropagation","1","Yes","23","0.86","45.77","009000200080200600000107000500006040000000000020504960000040013702000000030800005","379465281185293674264187539517926348496738152823514967958642713742351896631879425"
"Puzzle_9x9_highschool_14","DLX","2","Yes","23","0.86","45.77","009000200080200600000107000500006040000000000020504960000040013702000000030800005","009000200080200600000107000500006040000000000020504960000040013702000000030800005"
"Puzzle_9x9_highschool_14","DPLLSAT","32","Yes","23","0.86","45.77","009000200080200600000107000500006040000000000020504960000040013702000000030800005","379465281185293674264187539517926348496738152823514967958642713742351896631879425"
"Puzzle_9x9_highschool_14","Backtracking","37","Yes","23","0.86","45.77","009000200080200600000107000500006040000000000020504960000040013702000000030800005","379465281185293674264187539517926348496738152823514967958642713742351896631879425"
"Puzzle_9x9_expert_36","Backtracking","0","Yes","22","0.89","46.45","008600090000003400000070200060020001300060000421000008045000007000000030000900010","738642195512893476694571283867429351359168742421735968945316827176284539283957614"
"Puzzle_9x9_expert_36","DLX","1","Yes","22","0.89","46.45","008600090000003400000070200060020001300060000421000008045000007000000030000900010","008600090000003400000070200060020001300060000421000008045000007000000030000900010"
"Puzzle_9x9_expert_36","ConstraintPropagation","3","Yes","22","0.89","46.45","008600090000003400000070200060020001300060000421000008045000007000000030000900010","738642195512893476694571283867429351359168742421735968945316827176284539283957614"
"Puzzle_9x9_expert_36","DPLLSAT","34","Yes","22","0.89","46.45","008600090000003400000070200060020001300060000421000008045000007000000030000900010","738642195512893476694571283867429351359168742421735968945316827176284539283957614"
"Puzzle_9x9_expert_37","DLX","0","Yes","23","1.19","46.61","800000090030460000000000002000000067100000005000670289000004021057009000003500000","800000090030460000000000002000000067100000005000670289000004021057009000003500000"
"Puzzle_9x9_expert_37","ConstraintPropagation","1","Yes","23","1.19","46.61","800000090030460000000000002000000067100000005000670289000004021057009000003500000","824157693539462718761893452982345167176928345345671289698734521457219836213586974"
"Puzzle_9x9_expert_37","DPLLSAT","43","Yes","23","1.19","46.61","800000090030460000000000002000000067100000005000670289000004021057009000003500000","824157693539462718761893452982345167176928345345671289698734521457219836213586974"
"Puzzle_9x9_expert_37","Backtracking","405","Yes","23","1.19","46.61","800000090030460000000000002000000067100000005000670289000004021057009000003500000","824157693539462718761893452982345167176928345345671289698734521457219836213586974"
"Puzzle_9x9_expert_38","DLX","0","Yes","20","0.90","48.54","000000200080007090602000500070060000000901000000020040005000603090400070006000000","000000200080007090602000500070060000000901000000020040005000603090400070006000000"
"Puzzle_9x9_expert_38","ConstraintPropagation","11","Yes","20","0.90","48.54","000000200080007090602000500070060000000901000000020040005000603090400070006000000","957613284483257196612849537178364952524971368369528741845792613291436875736185429"
"Puzzle_9x9_expert_38","DPLLSAT","53","Yes","20","0.90","48.54","000000200080007090602000500070060000000901000000020040005000603090400070006000000","957613284483257196612849537178364952524971368369528741845792613291436875736185429"
"Puzzle_9x9_expert_38","Backtracking","126","Yes","20","0.90","48.54","000000200080007090602000500070060000000901000000020040005000603090400070006000000","957613284483257196612849537178364952524971368369528741845792613291436875736185429"
