PuzzleName,Solver,Solved,HintCount,HintVariance,DifficultyScore,Run1(ms),Run2(ms),Run3(ms),Run4(ms),Run5(ms),BestTime(ms),WorstTime(ms),AverageTime(ms),NumberOfGuesses,PropagationDepth,PeakMemory(bytes),OriginalPuzzle,Solution,InitStartTime(ms),InitEndTime(ms),InitTime(Î¼s),InitMemCost(bytes)
Puzzle_1,Backtracking,Yes,130,2.17,25.22,25,16,16,15,15,15,25,17,5315,125,830168,70012140018061000016160040890013011010091581101315312016100401415011016070095001220003011050049157206509151301412301410011100401600013155208000161529604110070013000067032150000401330110014000011001508001170100000014031015021301001207060160100014040016112013120000121603087904051000050012160600200920015000051030080,73131214541826101191516162641289101413151131579158112131531271610641414151011316671495813122813143101115616491572126579151321412381410161110114116127313155298146121615296841114107131355816679321510114124111339110414161325111271568412117511569816131423101514213810111247365169117814645916112151312103111012162314879134651151343511512161061482117926915137101151123161484,13960381979700,13960394838600,12858,1
Puzzle_1,ConstraintPropagation,Yes,130,2.17,25.22,44,16,9,12,9,9,44,18,5,125,1243816,70012140018061000016160040890013011010091581101315312016100401415011016070095001220003011050049157206509151301412301410011100401600013155208000161529604110070013000067032150000401330110014000011001508001170100000014031015021301001207060160100014040016112013120000121603087904051000050012160600200920015000051030080,73131214541826101191516162641289101413151131579158112131531271610641414151011316671495813122813143101115616491572126579151321412381410161110114116127313155298146121615296841114107131355816679321510114124111339110414161325111271568412117511569816131423101514213810111247365169117814645916112151312103111012162314879134651151343511512161061482117926915137101151123161484,13960494708500,13960494838300,129,1
Puzzle_1,DPLLSAT,Yes,130,2.17,25.22,2079,1980,2026,2098,2294,1980,2294,2095,0,4096,406388040,70012140018061000016160040890013011010091581101315312016100401415011016070095001220003011050049157206509151301412301410011100401600013155208000161529604110070013000067032150000401330110014000011001508001170100000014031015021301001207060160100014040016112013120000121603087904051000050012160600200920015000051030080,73131214541826101191516162641289101413151131579158112131531271610641414151011316671495813122813143101115616491572126579151321412381410161110114116127313155298146121615296841114107131355816679321510114124111339110414161325111271568412117511569816131423101514213810111247365169117814645916112151312103111012162314879134651151343511512161061482117926915137101151123161484,13960585971400,13960586254400,283,1
Puzzle_1,DLX,Yes,130,2.17,25.22,11,7,5,6,6,5,11,7,126,126,1257232,70012140018061000016160040890013011010091581101315312016100401415011016070095001220003011050049157206509151301412301410011100401600013155208000161529604110070013000067032150000401330110014000011001508001170100000014031015021301001207060160100014040016112013120000121603087904051000050012160600200920015000051030080,73131214541826101191516162641289101413151131579158112131531271610641414151011316671495813122813143101115616491572126579151321412381410161110114116127313155298146121615296841114107131355816679321510114124111339110414161325111271568412117511569816131423101514213810111247365169117814645916112151312103111012162314879134651151343511512161061482117926915137101151123161484,13971064953200,13971065180600,227,1
Puzzle_2,Backtracking,Yes,135,1.75,22.27,8,8,7,7,6,6,8,7,438,120,1260232,00500001013000140160215000750014160800600813000010001509712491471112161503825010138201114169100013403001641501170011410002090131404100015000800100101506048901171214067080401500100110110001310700101400600816001401221300930410131500320000001418012900100006150021300005315124710110600131016090110213121508004000000190000147,61512928101374111415163215103175131214169811461611813463141051152971249147111216156382511013826111416915127134103151216415511783114101362997131412410311152618516153101513624891611712141467285491516311213111011312913115784101416562581611014111221367931541013154632169111257141871298161015146154321311131425315124710118616913101679141116213121548515411162813619531012147,13971100150200,13971100302600,152,1
Puzzle_2,ConstraintPropagation,Yes,135,1.75,22.27,6,7,7,7,9,6,9,7,0,120,1263176,00500001013000140160215000750014160800600813000010001509712491471112161503825010138201114169100013403001641501170011410002090131404100015000800100101506048901171214067080401500100110110001310700101400600816001401221300930410131500320000001418012900100006150021300005315124710110600131016090110213121508004000000190000147,61512928101374111415163215103175131214169811461611813463141051152971249147111216156382511013826111416915127134103151216415511783114101362997131412410311152618516153101513624891611712141467285491516311213111011312913115784101416562581611014111221367931541013154632169111257141871298161015146154321311131425315124710118616913101679141116213121548515411162813619531012147,13971136865700,13971136940200,74,1
Puzzle_2,DPLLSAT,Yes,135,1.75,22.27,2074,2233,2437,3395,3375,2074,3395,2702,0,4096,512015216,00500001013000140160215000750014160800600813000010001509712491471112161503825010138201114169100013403001641501170011410002090131404100015000800100101506048901171214067080401500100110110001310700101400600816001401221300930410131500320000001418012900100006150021300005315124710110600131016090110213121508004000000190000147,61512928101374111415163215103175131214169811461611813463141051152971249147111216156382511013826111416915127134103151216415511783114101362997131412410311152618516153101513624891611712141467285491516311213111011312913115784101416562581611014111221367931541013154632169111257141871298161015146154321311131425315124710118616913101679141116213121548515411162813619531012147,13971172796100,13971172990900,194,1
Puzzle_2,DLX,Yes,135,1.75,22.27,8,6,6,5,7,5,8,6,121,121,1267600,00500001013000140160215000750014160800600813000010001509712491471112161503825010138201114169100013403001641501170011410002090131404100015000800100101506048901171214067080401500100110110001310700101400600816001401221300930410131500320000001418012900100006150021300005315124710110600131016090110213121508004000000190000147,61512928101374111415163215103175131214169811461611813463141051152971249147111216156382511013826111416915127134103151216415511783114101362997131412410311152618516153101513624891611712141467285491516311213111011312913115784101416562581611014111221367931541013154632169111257141871298161015146154321311131425315124710118616913101679141116213121548515411162813619531012147,13984687692000,13984687814200,122,1
Puzzle_3,Backtracking,Yes,135,1.46,20.67,75,71,54,14,10,10,75,44,3309,120,1401800,62013011001000507101000015001451106160800100010800131612110040081200300000000900001301610141006154130120014000113008516041153011013058100149014861502100090301212851716142906130103009706300410000023002001501270110060001408012110021013016100131214001502106394001007110013090016140003450670012012011130091640301107080100,62151316119141812354710112391315104145117616287510142168154131612119341611812753610921413115911235138161014112761541371210914462113151851616411531211713658102149514861510217164911313121285171614291561341031110971163135411614151282313162141510127811956141561448912115321013716111113121451615821063947210671181133915416141258345106791612141215111314159164231211137581106,13984719872400,13984719983000,110,1
Puzzle_3,ConstraintPropagation,Yes,135,1.46,20.67,8,7,8,15,9,7,15,9,0,120,1271760,62013011001000507101000015001451106160800100010800131612110040081200300000000900001301610141006154130120014000113008516041153011013058100149014861502100090301212851716142906130103009706300410000023002001501270110060001408012110021013016100131214001502106394001007110013090016140003450670012012011130091640301107080100,62151316119141812354710112391315104145117616287510142168154131612119341611812753610921413115911235138161014112761541371210914462113151851616411531211713658102149514861510217164911313121285171614291561341031110971163135411614151282313162141510127811956141561448912115321013716111113121451615821063947210671181133915416141258345106791612141215111314159164231211137581106,13984944803500,13984944929300,125,1
Puzzle_3,DPLLSAT,Yes,135,1.46,20.67,3550,3292,3448,3378,2630,2630,3550,3259,0,4096,583501656,62013011001000507101000015001451106160800100010800131612110040081200300000000900001301610141006154130120014000113008516041153011013058100149014861502100090301212851716142906130103009706300410000023002001501270110060001408012110021013016100131214001502106394001007110013090016140003450670012012011130091640301107080100,62151316119141812354710112391315104145117616287510142168154131612119341611812753610921413115911235138161014112761541371210914462113151851616411531211713658102149514861510217164911313121285171614291561341031110971163135411614151282313162141510127811956141561448912115321013716111113121451615821063947210671181133915416141258345106791612141215111314159164231211137581106,13984992877800,13984993084600,206,1
Puzzle_3,DLX,Yes,135,1.46,20.67,4,4,5,4,3,3,5,4,121,121,1274760,62013011001000507101000015001451106160800100010800131612110040081200300000000900001301610141006154130120014000113008516041153011013058100149014861502100090301212851716142906130103009706300410000023002001501270110060001408012110021013016100131214001502106394001007110013090016140003450670012012011130091640301107080100,62151316119141812354710112391315104145117616287510142168154131612119341611812753610921413115911235138161014112761541371210914462113151851616411531211713658102149514861510217164911313121285171614291561341031110971163135411614151282313162141510127811956141561448912115321013716111113121451615821063947210671181133915416141258345106791612141215111314159164231211137581106,14001291255700,14001291343100,87,1
Puzzle_4,Backtracking,Yes,135,1.74,22.22,4,5,3,6,3,3,6,4,601,120,1277816,15400860001091113000120110015201310640908100059001501101430101691307121043000101512600000140016013003030166100121492000154119073016010010014012085140407001309006608000000340000201316010800000111150141401027000008131640901130150260147100125000090000000012200014009061107040160516712154030131002600114201012108115151600137,15473861410215911131216112141116315271310645988102659413151611121437151691311712184314261015126151025914411167131831331166108121492571115411947313161510618514212285141411712151339101666185121413916341510711271316121085492611115314141510271113512813164699113415162611471081251335119131571668141122410101413892611371241516151671215413513109268141142611412108115151639137,14001312613700,14001312685600,71,1
Puzzle_4,ConstraintPropagation,Yes,135,1.74,22.22,7,6,7,8,5,5,8,6,0,120,3225984,15400860001091113000120110015201310640908100059001501101430101691307121043000101512600000140016013003030166100121492000154119073016010010014012085140407001309006608000000340000201316010800000111150141401027000008131640901130150260147100125000090000000012200014009061107040160516712154030131002600114201012108115151600137,15473861410215911131216112141116315271310645988102659413151611121437151691311712184314261015126151025914411167131831331166108121492571115411947313161510618514212285141411712151339101666185121413916341510711271316121085492611115314141510271113512813164699113415162611471081251335119131571668141122410101413892611371241516151671215413513109268141142611412108115151639137,14001334754500,14001334852400,97,1
Puzzle_4,DPLLSAT,Yes,135,1.74,22.22,2033,1961,1958,1913,1959,1913,2033,1964,0,4096,455829560,15400860001091113000120110015201310640908100059001501101430101691307121043000101512600000140016013003030166100121492000154119073016010010014012085140407001309006608000000340000201316010800000111150141401027000008131640901130150260147100125000090000000012200014009061107040160516712154030131002600114201012108115151600137,15473861410215911131216112141116315271310645988102659413151611121437151691311712184314261015126151025914411167131831331166108121492571115411947313161510618514212285141411712151339101666185121413916341510711271316121085492611115314141510271113512813164699113415162611471081251335119131571668141122410101413892611371241516151671215413513109268141142611412108115151639137,14001369086200,14001369276100,189,1
Puzzle_4,DLX,Yes,135,1.74,22.22,5,3,3,5,3,3,5,3,121,121,1287152,15400860001091113000120110015201310640908100059001501101430101691307121043000101512600000140016013003030166100121492000154119073016010010014012085140407001309006608000000340000201316010800000111150141401027000008131640901130150260147100125000090000000012200014009061107040160516712154030131002600114201012108115151600137,15473861410215911131216112141116315271310645988102659413151611121437151691311712184314261015126151025914411167131831331166108121492571115411947313161510618514212285141411712151339101666185121413916341510711271316121085492611115314141510271113512813164699113415162611471081251335119131571668141122410101413892611371241516151671215413513109268141142611412108115151639137,14011192623900,14011192705900,82,1
Puzzle_5,Backtracking,Yes,127,1.84,23.71,6,3,5,5,4,3,6,4,600,128,1290440,011900161340014010615041215036011050116714210601520011910000800130001004601500000000001508153041176010012809002003014041360030127108020380047206000012165130016081410341501251110006200110011015309700120401550914000010008001100011240131600000070152000012300700106018013110914865003001400900000160200014010000000,21195816134123147106151412151036911135811671421146715251211910163138416138314110746215911512122169101415138153641176711151281691542141031314541361113161271089215381015472961413111121651392167814103415612511154146213121101611815379711112164315513914281061015389511627112414131611101314197815264516123153741210651816131129148651133162141112971541091612211154147103513168,14011212407000,14011212465100,58,1
Puzzle_5,ConstraintPropagation,Yes,127,1.84,23.71,8,6,7,6,3,3,8,6,0,128,1293672,011900161340014010615041215036011050116714210601520011910000800130001004601500000000001508153041176010012809002003014041360030127108020380047206000012165130016081410341501251110006200110011015309700120401550914000010008001100011240131600000070152000012300700106018013110914865003001400900000160200014010000000,21195816134123147106151412151036911135811671421146715251211910163138416138314110746215911512122169101415138153641176711151281691542141031314541361113161271089215381015472961413111121651392167814103415612511154146213121101611815379711112164315513914281061015389511627112414131611101314197815264516123153741210651816131129148651133162141112971541091612211154147103513168,14011235316800,14011235401100,84,1
Puzzle_5,DPLLSAT,Yes,127,1.84,23.71,1990,1961,1919,1935,1955,1919,1990,1952,0,4096,438617080,011900161340014010615041215036011050116714210601520011910000800130001004601500000000001508153041176010012809002003014041360030127108020380047206000012165130016081410341501251110006200110011015309700120401550914000010008001100011240131600000070152000012300700106018013110914865003001400900000160200014010000000,21195816134123147106151412151036911135811671421146715251211910163138416138314110746215911512122169101415138153641176711151281691542141031314541361113161271089215381015472961413111121651392167814103415612511154146213121101611815379711112164315513914281061015389511627112414131611101314197815264516123153741210651816131129148651133162141112971541091612211154147103513168,14011265864100,14011266045900,181,1
Puzzle_5,DLX,Yes,127,1.84,23.71,4,5,3,4,3,3,5,3,129,129,1297624,011900161340014010615041215036011050116714210601520011910000800130001004601500000000001508153041176010012809002003014041360030127108020380047206000012165130016081410341501251110006200110011015309700120401550914000010008001100011240131600000070152000012300700106018013110914865003001400900000160200014010000000,21195816134123147106151412151036911135811671421146715251211910163138416138314110746215911512122169101415138153641176711151281691542141031314541361113161271089215381015472961413111121651392167814103415612511154146213121101611815379711112164315513914281061015389511627112414131611101314197815264516123153741210651816131129148651133162141112971541091612211154147103513168,14021026139300,14021026211300,72,1
Puzzle_6,Backtracking,Yes,131,1.67,22.27,4,5,4,4,4,4,5,4,1310,124,1300904,900801101400213004111000130086501570012940700031600814000211060750150912001410103015140001100820070610015160271300500300001030131600012911500114680500000016400120561508716001130005007046120300901400030001520900512070901200135011016207118120093140014005016000050128132150006000131011100050080014131806001611153070,91516812110143621375411101141324865111571631294127591131610181413615211263751315491216814101163415149121111058213671261011151642713915814385271031113161464129115139114687521531211101642131245615987161011131418516117246121431015913141011631316815219475121573911214101354116162871181216159314106142135316910414571281321511166415213101111437591281651413182612916111534710,14021046172100,14021046235900,63,1
Puzzle_6,ConstraintPropagation,Yes,131,1.67,22.27,5,6,8,19,4,4,19,8,0,124,3385784,900801101400213004111000130086501570012940700031600814000211060750150912001410103015140001100820070610015160271300500300001030131600012911500114680500000016400120561508716001130005007046120300901400030001520900512070901200135011016207118120093140014005016000050128132150006000131011100050080014131806001611153070,91516812110143621375411101141324865111571631294127591131610181413615211263751315491216814101163415149121111058213671261011151642713915814385271031113161464129115139114687521531211101642131245615987161011131418516117246121431015913141011631316815219475121573911214101354116162871181216159314106142135316910414571281321511166415213101111437591281651413182612916111534710,14021067124300,14021067197000,72,1
Puzzle_6,DPLLSAT,Yes,131,1.67,22.27,1987,1947,1939,1949,2014,1939,2014,1967,0,4096,443670024,900801101400213004111000130086501570012940700031600814000211060750150912001410103015140001100820070610015160271300500300001030131600012911500114680500000016400120561508716001130005007046120300901400030001520900512070901200135011016207118120093140014005016000050128132150006000131011100050080014131806001611153070,91516812110143621375411101141324865111571631294127591131610181413615211263751315491216814101163415149121111058213671261011151642713915814385271031113161464129115139114687521531211101642131245615987161011131418516117246121431015913141011631316815219475121573911214101354116162871181216159314106142135316910414571281321511166415213101111437591281651413182612916111534710,14021108707900,14021108793200,85,1
Puzzle_6,DLX,Yes,131,1.67,22.27,4,4,3,3,4,3,4,3,125,125,1310432,900801101400213004111000130086501570012940700031600814000211060750150912001410103015140001100820070610015160271300500300001030131600012911500114680500000016400120561508716001130005007046120300901400030001520900512070901200135011016207118120093140014005016000050128132150006000131011100050080014131806001611153070,91516812110143621375411101141324865111571631294127591131610181413615211263751315491216814101163415149121111058213671261011151642713915814385271031113161464129115139114687521531211101642131245615987161011131418516117246121431015913141011631316815219475121573911214101354116162871181216159314106142135316910414571281321511166415213101111437591281651413182612916111534710,14030945360600,14030945436100,75,1
Puzzle_7,Backtracking,Yes,128,1.73,22.96,7,7,8,6,7,6,8,7,3404,127,1313416,0101512008001606050000800030011054137150031467098000211000020001543001210140021560013034149016101101300100110715000820480015160013000900000005201261600140150004601300701231400754200151431100010160003080516000040110010812001100007251601034080150011091050415010901108017014100137500120031600000110900014000051632,11101512131482716469513916861012312111454137151431467598101315211161275213111615439112101468215618131234149716101151312161091147151531482648145151616101321139127397111452101261681514131511124616135871012314912754291151431113861016146937810516212113415111613108123141115469725162116347813155141112910534151610961112821713141014137521112913166158481112911513146710451632,14030964344300,14030964404400,60,1
Puzzle_7,ConstraintPropagation,Yes,128,1.73,22.96,4,5,5,4,5,4,5,4,0,127,1316648,0101512008001606050000800030011054137150031467098000211000020001543001210140021560013034149016101101300100110715000820480015160013000900000005201261600140150004601300701231400754200151431100010160003080516000040110010812001100007251601034080150011091050415010901108017014100137500120031600000110900014000051632,11101512131482716469513916861012312111454137151431467598101315211161275213111615439112101468215618131234149716101151312161091147151531482648145151616101321139127397111452101261681514131511124616135871012314912754291151431113861016146937810516212113415111613108123141115469725162116347813155141112910534151610961112821713141014137521112913166158481112911513146710451632,14031000138600,14031000219300,80,1
Puzzle_7,DPLLSAT,Yes,128,1.73,22.96,2047,1971,1959,1956,2027,1956,2047,1992,0,4096,470602352,0101512008001606050000800030011054137150031467098000211000020001543001210140021560013034149016101101300100110715000820480015160013000900000005201261600140150004601300701231400754200151431100010160003080516000040110010812001100007251601034080150011091050415010901108017014100137500120031600000110900014000051632,11101512131482716469513916861012312111454137151431467598101315211161275213111615439112101468215618131234149716101151312161091147151531482648145151616101321139127397111452101261681514131511124616135871012314912754291151431113861016146937810516212113415111613108123141115469725162116347813155141112910534151610961112821713141014137521112913166158481112911513146710451632,14031023602700,14031023665100,62,1
Puzzle_7,DLX,Yes,128,1.73,22.96,5,4,4,3,3,3,5,3,128,128,1321640,0101512008001606050000800030011054137150031467098000211000020001543001210140021560013034149016101101300100110715000820480015160013000900000005201261600140150004601300701231400754200151431100010160003080516000040110010812001100007251601034080150011091050415010901108017014100137500120031600000110900014000051632,11101512131482716469513916861012312111454137151431467598101315211161275213111615439112101468215618131234149716101151312161091147151531482648145151616101321139127397111452101261681514131511124616135871012314912754291151431113861016146937810516212113415111613108123141115469725162116347813155141112910534151610961112821713141014137521112913166158481112911513146710451632,14040983990800,14040984066800,76,1
Puzzle_8,Backtracking,Yes,130,1.73,22.73,8,17,7,21,6,6,21,11,4689,125,1317624,810000000000167135121295061513010481400100140080011590000463641650014110000001500614001057912015001002915501300300611000130061001101390816167110983401140001301131601000900521500802810000600000117311314500020611150009615001111659873201000160001400002041200000016391200014001504000210035160000714010130600015000500,81015149113142616713512129511615137134814162107141328161211591051134636416510214111312789115138614112116579121015341012291557138163416111454131412610211151397816167111598346114101221351131671013149412521516892810124156161413151173113145378210611151641296151241111659873214101315163613145871021141291257816391213411461015114119122110153516613814714110137641112158935162,14041003335400,14041003392900,57,1
Puzzle_8,ConstraintPropagation,Yes,130,1.73,22.73,5,5,3,4,5,3,5,4,0,125,1318312,810000000000167135121295061513010481400100140080011590000463641650014110000001500614001057912015001002915501300300611000130061001101390816167110983401140001301131601000900521500802810000600000117311314500020611150009615001111659873201000160001400002041200000016391200014001504000210035160000714010130600015000500,81015149113142616713512129511615137134814162107141328161211591051134636416510214111312789115138614112116579121015341012291557138163416111454131412610211151397816167111598346114101221351131671013149412521516892810124156161413151173113145378210611151641296151241111659873214101315163613145871021141291257816391213411461015114119122110153516613814714110137641112158935162,14041062806600,14041062856500,49,1
Puzzle_8,DPLLSAT,Yes,130,1.73,22.73,2040,1953,1994,1965,1987,1953,2040,1987,0,4096,432770864,810000000000167135121295061513010481400100140080011590000463641650014110000001500614001057912015001002915501300300611000130061001101390816167110983401140001301131601000900521500802810000600000117311314500020611150009615001111659873201000160001400002041200000016391200014001504000210035160000714010130600015000500,81015149113142616713512129511615137134814162107141328161211591051134636416510214111312789115138614112116579121015341012291557138163416111454131412610211151397816167111598346114101221351131671013149412521516892810124156161413151173113145378210611151641296151241111659873214101315163613145871021141291257816391213411461015114119122110153516613814714110137641112158935162,14041085137800,14041085301700,163,1
Puzzle_8,DLX,Yes,130,1.73,22.73,5,3,4,3,4,3,5,3,126,126,1316976,810000000000167135121295061513010481400100140080011590000463641650014110000001500614001057912015001002915501300300611000130061001101390816167110983401140001301131601000900521500802810000600000117311314500020611150009615001111659873201000160001400002041200000016391200014001504000210035160000714010130600015000500,81015149113142616713512129511615137134814162107141328161211591051134636416510214111312789115138614112116579121015341012291557138163416111454131412610211151397816167111598346114101221351131671013149412521516892810124156161413151173113145378210611151641296151241111659873214101315163613145871021141291257816391213411461015114119122110153516613814714110137641112158935162,14051026306700,14051026371100,64,1
Puzzle_9,Backtracking,Yes,130,1.56,21.79,4,5,3,4,4,3,5,4,1020,125,1320256,5600001230000154000001400741300111801604213150091637614005008121101604900030130530001500131080000001026167843000140146410008215011371310011010400000020120711512000060000030000613008103020000300070014113150616869128161401004000050100167910000000150214135001520070166119480060001150590140012015050011608413107,56167131123101411815429315914267413512111810161142131510891637614121510181211516144915273613953214111571213110816461512131926167843105111416146410125821591137131781110134135166149215121371151281129616541014341614561311581031229711231011479514113151261686912816143101142711351511141679106312141351582141353815212171016611948276341311511591614121012101595161411628413137,14051045632600,14051045755200,122,1
Puzzle_9,ConstraintPropagation,Yes,130,1.56,21.79,6,6,5,6,3,3,6,5,0,125,1323256,5600001230000154000001400741300111801604213150091637614005008121101604900030130530001500131080000001026167843000140146410008215011371310011010400000020120711512000060000030000613008103020000300070014113150616869128161401004000050100167910000000150214135001520070166119480060001150590140012015050011608413107,56167131123101411815429315914267413512111810161142131510891637614121510181211516144915273613953214111571213110816461512131926167843105111416146410125821591137131781110134135166149215121371151281129616541014341614561311581031229711231011479514113151261686912816143101142711351511141679106312141351582141353815212171016611948276341311511591614121012101595161411628413137,14051066219400,14051066267700,48,1
Puzzle_9,DPLLSAT,Yes,130,1.56,21.79,1999,1978,1927,1990,1923,1923,1999,1963,0,4096,392563680,5600001230000154000001400741300111801604213150091637614005008121101604900030130530001500131080000001026167843000140146410008215011371310011010400000020120711512000060000030000613008103020000300070014113150616869128161401004000050100167910000000150214135001520070166119480060001150590140012015050011608413107,56167131123101411815429315914267413512111810161142131510891637614121510181211516144915273613953214111571213110816461512131926167843105111416146410125821591137131781110134135166149215121371151281129616541014341614561311581031229711231011479514113151261686912816143101142711351511141679106312141351582141353815212171016611948276341311511591614121012101595161411628413137,14051092668400,14051092724000,55,1
Puzzle_9,DLX,Yes,130,1.56,21.79,5,4,3,3,2,2,5,3,126,126,1327656,5600001230000154000001400741300111801604213150091637614005008121101604900030130530001500131080000001026167843000140146410008215011371310011010400000020120711512000060000030000613008103020000300070014113150616869128161401004000050100167910000000150214135001520070166119480060001150590140012015050011608413107,56167131123101411815429315914267413512111810161142131510891637614121510181211516144915273613953214111571213110816461512131926167843105111416146410125821591137131781110134135166149215121371151281129616541014341614561311581031229711231011479514113151261686912816143101142711351511141679106312141351582141353815212171016611948276341311511591614121012101595161411628413137,14060909587500,14060909661900,74,1
Puzzle_10,Backtracking,Yes,132,1.55,21.51,16,19,13,18,15,13,19,16,13388,123,1330352,212156413011011051400009106021400000350080100001610014641303000708561613210012121301041400000150000020830012000410140400001031415810112501000157112130610900001211000816020051511508301440510000060000160008150001303160045191500060714107601590041412101300110011013861225000140900140000096111650120905000000130036015,21215641331101175148916139116610214158412113575871011121516193146413231141479856161321151012121381041497251115166131115213835612101694171464971216113314158101125141016515711213461129381014121136138167249515115783214410519131612116156916111278151410213431621345191511312687141076101595164141213132811431111386122510157141698131421157396111651012491651214210114138736115,14060926832400,14060927123100,290,1
Puzzle_10,ConstraintPropagation,Yes,132,1.55,21.51,5,4,12,4,3,3,12,5,0,123,1327368,212156413011011051400009106021400000350080100001610014641303000708561613210012121301041400000150000020830012000410140400001031415810112501000157112130610900001211000816020051511508301440510000060000160008150001303160045191500060714107601590041412101300110011013861225000140900140000096111650120905000000130036015,21215641331101175148916139116610214158412113575871011121516193146413231141479856161321151012121381041497251115166131115213835612101694171464971216113314158101125141016515711213461129381014121136138167249515115783214410519131612116156916111278151410213431621345191511312687141076101595164141213132811431111386122510157141698131421157396111651012491651214210114138736115,14061008525600,14061008604600,79,1
Puzzle_10,DPLLSAT,Yes,132,1.55,21.51,2032,1979,1950,1931,1923,1923,2032,1963,0,4096,477064368,212156413011011051400009106021400000350080100001610014641303000708561613210012121301041400000150000020830012000410140400001031415810112501000157112130610900001211000816020051511508301440510000060000160008150001303160045191500060714107601590041412101300110011013861225000140900140000096111650120905000000130036015,21215641331101175148916139116610214158412113575871011121516193146413231141479856161321151012121381041497251115166131115213835612101694171464971216113314158101125141016515711213461129381014121136138167249515115783214410519131612116156916111278151410213431621345191511312687141076101595164141213132811431111386122510157141698131421157396111651012491651214210114138736115,14061036959500,14061037030900,71,1
Puzzle_10,DLX,Yes,132,1.55,21.51,3,4,3,3,3,3,4,3,124,124,1331768,212156413011011051400009106021400000350080100001610014641303000708561613210012121301041400000150000020830012000410140400001031415810112501000157112130610900001211000816020051511508301440510000060000160008150001303160045191500060714107601590041412101300110011013861225000140900140000096111650120905000000130036015,21215641331101175148916139116610214158412113575871011121516193146413231141479856161321151012121381041497251115166131115213835612101694171464971216113314158101125141016515711213461129381014121136138167249515115783214410519131612116156916111278151410213431621345191511312687141076101595164141213132811431111386122510157141698131421157396111651012491651214210114138736115,14070852346600,14070852428600,82,1
Puzzle_11,Backtracking,Yes,135,1.62,21.51,3,4,3,3,3,3,4,3,510,120,1335056,01581400012091637001000141100000200900012900141305715028600011132150010064012165141160700150051301180000120110140000025615100110802000930001382603401610127100960003400110716121901100015010031300147160161300121172001004070150916140008051000120107003001300110101062140047030916100013401200061102155000031501105100841300,21581415612139163741110561411716108142121391531012916414133571511286137111321589101641412165141163769154251310118124971213110143811151625615105111681221461937134138265341116101271151496214103458111571612191311412515216931310814716816139101211725141634157315191614131248651021112510789316151341411612111621413154712359161081613481210716119215531491431561125116108413127,14070869247600,14070869294400,46,1
Puzzle_11,ConstraintPropagation,Yes,135,1.62,21.51,7,5,5,7,4,4,7,5,4,120,1338000,01581400012091637001000141100000200900012900141305715028600011132150010064012165141160700150051301180000120110140000025615100110802000930001382603401610127100960003400110716121901100015010031300147160161300121172001004070150916140008051000120107003001300110101062140047030916100013401200061102155000031501105100841300,21581415612139163741110561411716108142121391531012916414133571511286137111321589101641412165141163769154251310118124971213110143811151625615105111681221461937134138265341116101271151496214103458111571612191311412515216931310814716816139101211725141634157315191614131248651021112510789316151341411612111621413154712359161081613481210716119215531491431561125116108413127,14070886776600,14070886858300,81,1
Puzzle_11,DPLLSAT,Yes,135,1.62,21.51,2015,1952,2059,1954,1979,1952,2059,1991,0,4096,466893840,01581400012091637001000141100000200900012900141305715028600011132150010064012165141160700150051301180000120110140000025615100110802000930001382603401610127100960003400110716121901100015010031300147160161300121172001004070150916140008051000120107003001300110101062140047030916100013401200061102155000031501105100841300,21581415612139163741110561411716108142121391531012916414133571511286137111321589101641412165141163769154251310118124971213110143811151625615105111681221461937134138265341116101271151496214103458111571612191311412515216931310814716816139101211725141634157315191614131248651021112510789316151341411612111621413154712359161081613481210716119215531491431561125116108413127,14070913891100,14070913955600,64,1
Puzzle_11,DLX,Yes,135,1.62,21.51,4,4,3,4,3,3,4,3,121,121,1343304,01581400012091637001000141100000200900012900141305715028600011132150010064012165141160700150051301180000120110140000025615100110802000930001382603401610127100960003400110716121901100015010031300147160161300121172001004070150916140008051000120107003001300110101062140047030916100013401200061102155000031501105100841300,21581415612139163741110561411716108142121391531012916414133571511286137111321589101641412165141163769154251310118124971213110143811151625615105111681221461937134138265341116101271151496214103458111571612191311412515216931310814716816139101211725141634157315191614131248651021112510789316151341411612111621413154712359161081613481210716119215531491431561125116108413127,14080873256300,14080873353800,97,1
Puzzle_12,Backtracking,Yes,130,1.98,24.10,4,3,3,4,3,3,4,3,250,125,1346600,120000000080001670028136051493000410116151014712110524100013090010016000120155110700408000051501461016435090006140200000910111508113407002100120140711030013000241600111012000014060102008340150121693130161510106140200071500129000100701300394000000000110500011120500157800060801300970401160301001016002041312300080,12351134109118156141672112813615514931671241011615101471211352416891349671821614131012315511137121143811610251591461016435139712156141121865149101115281134167312211581216146711934101355824167311191213106151416710214138341115512169313916151121061452811471514111296451016781312394315810113261411751216141112351612157810913648121361497154511623111071016511264131239114815,14080891153100,14080891257500,104,1
Puzzle_12,ConstraintPropagation,Yes,130,1.98,24.10,7,5,6,6,4,4,7,5,0,125,1349536,120000000080001670028136051493000410116151014712110524100013090010016000120155110700408000051501461016435090006140200000910111508113407002100120140711030013000241600111012000014060102008340150121693130161510106140200071500129000100701300394000000000110500011120500157800060801300970401160301001016002041312300080,12351134109118156141672112813615514931671241011615101471211352416891349671821614131012315511137121143811610251591461016435139712156141121865149101115281134167312211581216146711934101355824167311191213106151416710214138341115512169313916151121061452811471514111296451016781312394315810113261411751216141112351612157810913648121361497154511623111071016511264131239114815,14080908846300,14080908911400,65,1
Puzzle_12,DPLLSAT,Yes,130,1.98,24.10,1959,1940,1958,1943,1992,1940,1992,1958,0,4096,447956880,120000000080001670028136051493000410116151014712110524100013090010016000120155110700408000051501461016435090006140200000910111508113407002100120140711030013000241600111012000014060102008340150121693130161510106140200071500129000100701300394000000000110500011120500157800060801300970401160301001016002041312300080,12351134109118156141672112813615514931671241011615101471211352416891349671821614131012315511137121143811610251591461016435139712156141121865149101115281134167312211581216146711934101355824167311191213106151416710214138341115512169313916151121061452811471514111296451016781312394315810113261411751216141112351612157810913648121361497154511623111071016511264131239114815,14080935861200,14080935906400,45,1
Puzzle_12,DLX,Yes,130,1.98,24.10,4,4,4,4,3,3,4,3,126,126,1352000,120000000080001670028136051493000410116151014712110524100013090010016000120155110700408000051501461016435090006140200000910111508113407002100120140711030013000241600111012000014060102008340150121693130161510106140200071500129000100701300394000000000110500011120500157800060801300970401160301001016002041312300080,12351134109118156141672112813615514931671241011615101471211352416891349671821614131012315511137121143811610251591461016435139712156141121865149101115281134167312211581216146711934101355824167311191213106151416710214138341115512169313916151121061452811471514111296451016781312394315810113261411751216141112351612157810913648121361497154511623111071016511264131239114815,14090729118700,14090729227400,108,1
Puzzle_13,Backtracking,Yes,130,1.84,23.35,5,3,5,5,4,3,5,4,963,125,1355288,160065004930001311809731112861351416100201115209147000010031651050002150847012090000041697140101113065310010015084201200001481502000600030001601014001000006071310100120620000001003641100015051000605009000030167212000270000981015014000001300709010000138014900015011005050110726300112131400312015000100016138107,16141265101493152713118497311128613514161015211115289147136112104316511051316321511847612149281512641697143151113106531131110715168429121471110148155212913616413134916121314211105157869713101161512562141183481142364111613715951012156451013981121131416721231611271451049816151314214158131637591210611101387149121415611325165161197263810112131441531261545111014216138197,14090749051500,14090749125300,73,1
Puzzle_13,ConstraintPropagation,Yes,130,1.84,23.35,7,6,3,6,7,3,7,5,2,125,1358320,160065004930001311809731112861351416100201115209147000010031651050002150847012090000041697140101113065310010015084201200001481502000600030001601014001000006071310100120620000001003641100015051000605009000030167212000270000981015014000001300709010000138014900015011005050110726300112131400312015000100016138107,16141265101493152713118497311128613514161015211115289147136112104316511051316321511847612149281512641697143151113106531131110715168429121471110148155212913616413134916121314211105157869713101161512562141183481142364111613715951012156451013981121131416721231611271451049816151314214158131637591210611101387149121415611325165161197263810112131441531261545111014216138197,14090771156100,14090771200800,44,1
Puzzle_13,DPLLSAT,Yes,130,1.84,23.35,1999,1943,1958,1988,1971,1943,1999,1971,0,4096,434328504,160065004930001311809731112861351416100201115209147000010031651050002150847012090000041697140101113065310010015084201200001481502000600030001601014001000006071310100120620000001003641100015051000605009000030167212000270000981015014000001300709010000138014900015011005050110726300112131400312015000100016138107,16141265101493152713118497311128613514161015211115289147136112104316511051316321511847612149281512641697143151113106531131110715168429121471110148155212913616413134916121314211105157869713101161512562141183481142364111613715951012156451013981121131416721231611271451049816151314214158131637591210611101387149121415611325165161197263810112131441531261545111014216138197,14090800132300,14090800187800,55,1
Puzzle_13,DLX,Yes,130,1.84,23.35,3,5,0,8,3,0,8,3,126,126,1364496,160065004930001311809731112861351416100201115209147000010031651050002150847012090000041697140101113065310010015084201200001481502000600030001601014001000006071310100120620000001003641100015051000605009000030167212000270000981015014000001300709010000138014900015011005050110726300112131400312015000100016138107,16141265101493152713118497311128613514161015211115289147136112104316511051316321511847612149281512641697143151113106531131110715168429121471110148155212913616413134916121314211105157869713101161512562141183481142364111613715951012156451013981121131416721231611271451049816151314214158131637591210611101387149121415611325165161197263810112131441531261545111014216138197,14100659779800,14100659827200,47,1
Puzzle_14,Backtracking,Yes,130,1.83,23.29,18,19,13,17,16,13,19,16,14294,125,5561496,00513403611011090715150000127000001010000300090870151405611910751581020133004140015061073000001389130011014800040025030801300121672101400126003500010157110000975160000001100601300001578001601001601530110000100000002112100630016148591300000000290001501304110160001801390010122000016005010614137903201215014105840,12851341436110111692715156161413127254391018112431161091187121514135611910751581142613312164141215126107359114161389137161111481061541232553118151349121672161410412610235161314181571191014897516134122161115361113419215785316141012165153811121491310624177211210463111516148591381614567131029412111531310411141615561871391221151229811416313571061413796321121511141058416,14100679060100,14100679100900,40,1
Puzzle_14,ConstraintPropagation,Yes,130,1.83,23.29,4,13,4,4,12,4,13,7,2,125,1370128,00513403611011090715150000127000001010000300090870151405611910751581020133004140015061073000001389130011014800040025030801300121672101400126003500010157110000975160000001100601300001578001601001601530110000100000002112100630016148591300000000290001501304110160001801390010122000016005010614137903201215014105840,12851341436110111692715156161413127254391018112431161091187121514135611910751581142613312164141215126107359114161389137161111481061541232553118151349121672161410412610235161314181571191014897516134122161115361113419215785316141012165153811121491310624177211210463111516148591381614567131029412111531310411141615561871391221151229811416313571061413796321121511141058416,14100762070600,14100762103100,32,1
Puzzle_14,DPLLSAT,Yes,130,1.83,23.29,2023,1955,1949,1958,1987,1949,2023,1974,0,4096,464864200,00513403611011090715150000127000001010000300090870151405611910751581020133004140015061073000001389130011014800040025030801300121672101400126003500010157110000975160000001100601300001578001601001601530110000100000002112100630016148591300000000290001501304110160001801390010122000016005010614137903201215014105840,12851341436110111692715156161413127254391018112431161091187121514135611910751581142613312164141215126107359114161389137161111481061541232553118151349121672161410412610235161314181571191014897516134122161115361113419215785316141012165153811121491310624177211210463111516148591381614567131029412111531310411141615561871391221151229811416313571061413796321121511141058416,14100809711600,14100809800700,89,1
Puzzle_14,DLX,Yes,130,1.83,23.29,4,5,3,5,4,3,5,4,126,126,1374528,00513403611011090715150000127000001010000300090870151405611910751581020133004140015061073000001389130011014800040025030801300121672101400126003500010157110000975160000001100601300001578001601001601530110000100000002112100630016148591300000000290001501304110160001801390010122000016005010614137903201215014105840,12851341436110111692715156161413127254391018112431161091187121514135611910751581142613312164141215126107359114161389137161111481061541232553118151349121672161410412610235161314181571191014897516134122161115361113419215785316141012165153811121491310624177211210463111516148591381614567131029412111531310411141615561871391221151229811416313571061413796321121511141058416,14110682853700,14110682905700,52,1
Puzzle_15,Backtracking,Yes,130,1.85,23.39,6,5,4,5,5,4,6,5,1304,125,1375272,0614109004002125110004015000000130092501301200414108915106815001306051603041410716120241101500013100513001401590000030006100500080031107000011361207041650000143101202058076000910007840001016110009802100140000016600071603615020131108014160015901001100003121121000001390000000000100301501307900400361082161214051507,10614189316471521251113312471510514161113816925111316127241410891513681529131611516123741410716128241131519141310651341145159107861232161161095141618132311471512152113612137104165149181431012112165815761134915613784931410161112215981521013141121154166731171643615122913110851416137159141061154823121121811457139321561410162145101631215613179118449361118216121410515137,14110704559000,14110704604100,45,1
Puzzle_15,ConstraintPropagation,Yes,130,1.85,23.39,6,6,5,7,6,5,7,6,0,125,1368920,0614109004002125110004015000000130092501301200414108915106815001306051603041410716120241101500013100513001401590000030006100500080031107000011361207041650000143101202058076000910007840001016110009802100140000016600071603615020131108014160015901001100003121121000001390000000000100301501307900400361082161214051507,10614189316471521251113312471510514161113816925111316127241410891513681529131611516123741410716128241131519141310651341145159107861232161161095141618132311471512152113612137104165149181431012112165815761134915613784931410161112215981521013141121154166731171643615122913110851416137159141061154823121121811457139321561410162145101631215613179118449361118216121410515137,14110729301800,14110729349100,47,1
Puzzle_15,DPLLSAT,Yes,130,1.85,23.39,1951,1961,1953,1984,1937,1937,1984,1957,0,4096,477014712,0614109004002125110004015000000130092501301200414108915106815001306051603041410716120241101500013100513001401590000030006100500080031107000011361207041650000143101202058076000910007840001016110009802100140000016600071603615020131108014160015901001100003121121000001390000000000100301501307900400361082161214051507,10614189316471521251113312471510514161113816925111316127241410891513681529131611516123741410716128241131519141310651341145159107861232161161095141618132311471512152113612137104165149181431012112165815761134915613784931410161112215981521013141121154166731171643615122913110851416137159141061154823121121811457139321561410162145101631215613179118449361118216121410515137,14110759438500,14110759537700,99,1
Puzzle_15,DLX,Yes,130,1.85,23.39,5,4,4,3,3,3,5,3,126,126,1372152,0614109004002125110004015000000130092501301200414108915106815001306051603041410716120241101500013100513001401590000030006100500080031107000011361207041650000143101202058076000910007840001016110009802100140000016600071603615020131108014160015901001100003121121000001390000000000100301501307900400361082161214051507,10614189316471521251113312471510514161113816925111316127241410891513681529131611516123741410716128241131519141310651341145159107861232161161095141618132311471512152113612137104165149181431012112165815761134915613784931410161112215981521013141121154166731171643615122913110851416137159141061154823121121811457139321561410162145101631215613179118449361118216121410515137,14120545824300,14120545868200,43,1
Puzzle_16,Backtracking,Yes,130,1.77,22.94,545,544,525,520,523,520,545,531,748171,125,83200456,0030161471240906110060110013014001502300417265151211001600100151600010900007041216015051184000200603000150000004090000120302130100105009132000140031258150160081205031660000134011008006050791612155000070013150140026030013011201290147050013090121410010040215160910000614111312007007301340000861016141100000016420120000,13123516147124109156118106911124138141671552318417265151211133161491014151621131098156713412167151051184913142112633511115121610786429141361412839213151016145711913246114711312581510167981214515316621110113421114138101635479161215511016479121315814113264361513161121129101478511813691512141071163452151649102356141113128171227311341159158610161411051478616423121311159,14120565363900,14120565402600,38,1
Puzzle_16,ConstraintPropagation,Yes,130,1.77,22.94,4,5,4,4,5,4,5,4,0,125,1377208,0030161471240906110060110013014001502300417265151211001600100151600010900007041216015051184000200603000150000004090000120302130100105009132000140031258150160081205031660000134011008006050791612155000070013150140026030013011201290147050013090121410010040215160910000614111312007007301340000861016141100000016420120000,13123516147124109156118106911124138141671552318417265151211133161491014151621131098156713412167151051184913142112633511115121610786429141361412839213151016145711913246114711312581510167981214515316621110113421114138101635479161215511016479121315814113264361513161121129101478511813691512141071163452151649102356141113128171227311341159158610161411051478616423121311159,14123222958300,14123222999500,41,1
Puzzle_16,DPLLSAT,Yes,130,1.77,22.94,2028,1955,1953,2002,1940,1940,2028,1975,0,4096,416287248,0030161471240906110060110013014001502300417265151211001600100151600010900007041216015051184000200603000150000004090000120302130100105009132000140031258150160081205031660000134011008006050791612155000070013150140026030013011201290147050013090121410010040215160910000614111312007007301340000861016141100000016420120000,13123516147124109156118106911124138141671552318417265151211133161491014151621131098156713412167151051184913142112633511115121610786429141361412839213151016145711913246114711312581510167981214515316621110113421114138101635479161215511016479121315814113264361513161121129101478511813691512141071163452151649102356141113128171227311341159158610161411051478616423121311159,14123244954100,14123245141700,187,1
Puzzle_16,DLX,Yes,130,1.77,22.94,4,5,4,4,3,3,5,4,126,126,1373336,0030161471240906110060110013014001502300417265151211001600100151600010900007041216015051184000200603000150000004090000120302130100105009132000140031258150160081205031660000134011008006050791612155000070013150140026030013011201290147050013090121410010040215160910000614111312007007301340000861016141100000016420120000,13123516147124109156118106911124138141671552318417265151211133161491014151621131098156713412167151051184913142112633511115121610786429141361412839213151016145711913246114711312581510167981214515316621110113421114138101635479161215511016479121315814113264361513161121129101478511813691512141071163452151649102356141113128171227311341159158610161411051478616423121311159,14133124210100,14133124260200,50,1
Puzzle_17,Backtracking,Yes,130,1.54,21.68,176,30,39,28,33,28,176,61,32514,125,14014224,11462801309000000013012000390000411060003000504020981001000040011870150132820907031610400120110031501101000120140000120000140706000160000016012130915801030140045160100011063845016013078001112014210031580001609105130300061201402137000002115140100600079101301200061510165011071604012150030901401601516010000147015012,11462810131591611237145138121723951510144111661571631411156413212981051091412461611873151132821391571431610456121111663151311510121281449714125109814371162131516111476162121314915851031214713451621091511163845151610139786311121214211163158147121649105139310816121114521371641531521151441121361016879101314122976151816531147168411121513235910146169151631084111471315212,14133144187300,14133144253800,66,1
Puzzle_17,ConstraintPropagation,Yes,130,1.54,21.68,27,17,12,6,6,6,27,13,0,125,3472232,11462801309000000013012000390000411060003000504020981001000040011870150132820907031610400120110031501101000120140000120000140706000160000016012130915801030140045160100011063845016013078001112014210031580001609105130300061201402137000002115140100600079101301200061510165011071604012150030901401601516010000147015012,11462810131591611237145138121723951510144111661571631411156413212981051091412461611873151132821391571431610456121111663151311510121281449714125109814371162131516111476162121314915851031214713451621091511163845151610139786311121214211163158147121649105139310816121114521371641531521151441121361016879101314122976151816531147168411121513235910146169151631084111471315212,14133450118700,14133450158600,39,1
Puzzle_17,DPLLSAT,Yes,130,1.54,21.68,2114,1944,1934,1960,1935,1934,2114,1977,0,4096,535144952,11462801309000000013012000390000411060003000504020981001000040011870150132820907031610400120110031501101000120140000120000140706000160000016012130915801030140045160100011063845016013078001112014210031580001609105130300061201402137000002115140100600079101301200061510165011071604012150030901401601516010000147015012,11462810131591611237145138121723951510144111661571631411156413212981051091412461611873151132821391571431610456121111663151311510121281449714125109814371162131516111476162121314915851031214713451621091511163845151610139786311121214211163158147121649105139310816121114521371641531521151441121361016879101314122976151816531147168411121513235910146169151631084111471315212,14133519728200,14133519784600,56,1
Puzzle_17,DLX,Yes,130,1.54,21.68,6,5,7,6,6,5,7,6,126,126,1384848,11462801309000000013012000390000411060003000504020981001000040011870150132820907031610400120110031501101000120140000120000140706000160000016012130915801030140045160100011063845016013078001112014210031580001609105130300061201402137000002115140100600079101301200061510165011071604012150030901401601516010000147015012,11462810131591611237145138121723951510144111661571631411156413212981051091412461611873151132821391571431610456121111663151311510121281449714125109814371162131516111476162121314915851031214713451621091511163845151610139786311121214211163158147121649105139310816121114521371641531521151441121361016879101314122976151816531147168411121513235910146169151631084111471315212,14143406478700,14143406530500,51,1
Puzzle_18,Backtracking,Yes,130,1.59,21.95,31,13,9,9,8,8,31,14,914,125,1385600,2070131012060500911300401450000150080136000157000213410500015003011900714640100111500161203060140000000091411600011000102704351301580969300800514007131615012021000816041014007140153012710090200001306000151160010122004805014130706090016152801630001695040040012807000100091100004015001250014811351202001004016000,21471131012468516159113310416145269115117812136129111571832134105161451513831611912107146421851115101316124396114727610132159141168123115416114271143513101581296931248165141127131615101211210598161541131436714161536127108911241315137694315116514101228114815111413271263915101615287163131114169510412104161412857215311161391193616410151371252114811351292141110648167315,14143437065100,14143437104500,39,1
Puzzle_18,ConstraintPropagation,Yes,130,1.59,21.95,32,15,21,15,17,15,32,20,4,125,3340888,2070131012060500911300401450000150080136000157000213410500015003011900714640100111500161203060140000000091411600011000102704351301580969300800514007131615012021000816041014007140153012710090200001306000151160010122004805014130706090016152801630001695040040012807000100091100004015001250014811351202001004016000,21471131012468516159113310416145269115117812136129111571832134105161451513831611912107146421851115101316124396114727610132159141168123115416114271143513101581296931248165141127131615101211210598161541131436714161536127108911241315137694315116514101228114815111413271263915101615287163131114169510412104161412857215311161391193616410151371252114811351292141110648167315,14143507541700,14143507652300,110,1
Puzzle_18,DPLLSAT,Yes,130,1.59,21.95,2039,1992,1985,1994,1994,1985,2039,2000,0,4096,444728152,2070131012060500911300401450000150080136000157000213410500015003011900714640100111500161203060140000000091411600011000102704351301580969300800514007131615012021000816041014007140153012710090200001306000151160010122004805014130706090016152801630001695040040012807000100091100004015001250014811351202001004016000,21471131012468516159113310416145269115117812136129111571832134105161451513831611912107146421851115101316124396114727610132159141168123115416114271143513101581296931248165141127131615101211210598161541131436714161536127108911241315137694315116514101228114815111413271263915101615287163131114169510412104161412857215311161391193616410151371252114811351292141110648167315,14143608335500,14143608396600,61,1
Puzzle_18,DLX,Yes,130,1.59,21.95,5,6,4,4,4,4,6,4,126,126,1389856,2070131012060500911300401450000150080136000157000213410500015003011900714640100111500161203060140000000091411600011000102704351301580969300800514007131615012021000816041014007140153012710090200001306000151160010122004805014130706090016152801630001695040040012807000100091100004015001250014811351202001004016000,21471131012468516159113310416145269115117812136129111571832134105161451513831611912107146421851115101316124396114727610132159141168123115416114271143513101581296931248165141127131615101211210598161541131436714161536127108911241315137694315116514101228114815111413271263915101615287163131114169510412104161412857215311161391193616410151371252114811351292141110648167315,14153613643800,14153613691300,47,1
Puzzle_19,Backtracking,Yes,130,1.68,22.46,3,5,4,4,4,3,5,4,400,125,1392848,0081204201300701410010400501200011141601590161420069115010001300135914001116126400015123157011601114020000061400380160011700130400110631009501280012013470000600060000510008113024009000001114401007401011000000301201571001148900001214160305120015400616110014001503928014100000001601301000515000700019108130071205200110,31812164215135976141011104765112132811141631591116142876911531012413515135914310111612648271512315791161011146213489261412538416131511711013741015111463128951612811161210134791251563141461516312510978113112412395613152111441611087481131116714621035129157102114891513151214166325127115438616111091413615113928121410713415161614134106115153197812219108131416712452315116,14153636304800,14153636339000,34,1
Puzzle_19,ConstraintPropagation,Yes,130,1.68,22.46,7,6,8,6,4,4,8,6,0,125,1394160,0081204201300701410010400501200011141601590161420069115010001300135914001116126400015123157011601114020000061400380160011700130400110631009501280012013470000600060000510008113024009000001114401007401011000000301201571001148900001214160305120015400616110014001503928014100000001601301000515000700019108130071205200110,31812164215135976141011104765112132811141631591116142876911531012413515135914310111612648271512315791161011146213489261412538416131511711013741015111463128951612811161210134791251563141461516312510978113112412395613152111441611087481131116714621035129157102114891513151214166325127115438616111091413615113928121410713415161614134106115153197812219108131416712452315116,14153657257100,14153657295700,38,1
Puzzle_19,DPLLSAT,Yes,130,1.68,22.46,2002,2005,1940,1967,1964,1940,2005,1975,0,4096,433104272,0081204201300701410010400501200011141601590161420069115010001300135914001116126400015123157011601114020000061400380160011700130400110631009501280012013470000600060000510008113024009000001114401007401011000000301201571001148900001214160305120015400616110014001503928014100000001601301000515000700019108130071205200110,31812164215135976141011104765112132811141631591116142876911531012413515135914310111612648271512315791161011146213489261412538416131511711013741015111463128951612811161210134791251563141461516312510978113112412395613152111441611087481131116714621035129157102114891513151214166325127115438616111091413615113928121410713415161614134106115153197812219108131416712452315116,14153689464700,14153689515800,51,1
Puzzle_19,DLX,Yes,130,1.68,22.46,5,5,3,5,4,3,5,4,126,126,1399168,0081204201300701410010400501200011141601590161420069115010001300135914001116126400015123157011601114020000061400380160011700130400110631009501280012013470000600060000510008113024009000001114401007401011000000301201571001148900001214160305120015400616110014001503928014100000001601301000515000700019108130071205200110,31812164215135976141011104765112132811141631591116142876911531012413515135914310111612648271512315791161011146213489261412538416131511711013741015111463128951612811161210134791251563141461516312510978113112412395613152111441611087481131116714621035129157102114891513151214166325127115438616111091413615113928121410713415161614134106115153197812219108131416712452315116,14163568359400,14163568416800,57,1
Puzzle_20,Backtracking,Yes,130,2.02,24.37,8,6,7,5,7,5,8,6,3777,125,1401576,803715011590121020000140001781600015010131013401614020711090161122010600001514700312015010030100004605092120140000630870000111000012851416010117000804900120130070013000020160000161014006950011130381126914041200001010000013520000000079315140412500001802005148111613100390015000000300600200011139161107061204000140,86371513115911210214164914115317816624151210131013415161412237118951611221610694135151478113121615819133210147114655109212414161113163158764133111027151285141691141171658154916312101321575101383111291646121416112147156954101113238112691416412837131015154381352101141561216117931514641251071113189216251481116131014396715127810129315146165211341113916112716128415531410,14163589933900,14163589983300,49,1
Puzzle_20,ConstraintPropagation,Yes,130,2.02,24.37,6,6,5,6,3,3,6,5,0,125,1404808,803715011590121020000140001781600015010131013401614020711090161122010600001514700312015010030100004605092120140000630870000111000012851416010117000804900120130070013000020160000161014006950011130381126914041200001010000013520000000079315140412500001802005148111613100390015000000300600200011139161107061204000140,86371513115911210214164914115317816624151210131013415161412237118951611221610694135151478113121615819133210147114655109212414161113163158764133111027151285141691141171658154916312101321575101383111291646121416112147156954101113238112691416412837131015154381352101141561216117931514641251071113189216251481116131014396715127810129315146165211341113916112716128415531410,14163623370300,14163623410700,40,1
Puzzle_20,DPLLSAT,Yes,130,2.02,24.37,2084,1994,1939,1964,1973,1939,2084,1990,0,4096,477952136,803715011590121020000140001781600015010131013401614020711090161122010600001514700312015010030100004605092120140000630870000111000012851416010117000804900120130070013000020160000161014006950011130381126914041200001010000013520000000079315140412500001802005148111613100390015000000300600200011139161107061204000140,86371513115911210214164914115317816624151210131013415161412237118951611221610694135151478113121615819133210147114655109212414161113163158764133111027151285141691141171658154916312101321575101383111291646121416112147156954101113238112691416412837131015154381352101141561216117931514641251071113189216251481116131014396715127810129315146165211341113916112716128415531410,14163650948600,14163650978400,29,1
Puzzle_20,DLX,Yes,130,2.02,24.37,5,4,4,3,3,3,5,3,126,126,1410392,803715011590121020000140001781600015010131013401614020711090161122010600001514700312015010030100004605092120140000630870000111000012851416010117000804900120130070013000020160000161014006950011130381126914041200001010000013520000000079315140412500001802005148111613100390015000000300600200011139161107061204000140,86371513115911210214164914115317816624151210131013415161412237118951611221610694135151478113121615819133210147114655109212414161113163158764133111027151285141691141171658154916312101321575101383111291646121416112147156954101113238112691416412837131015154381352101141561216117931514641251071113189216251481116131014396715127810129315146165211341113916112716128415531410,14173604716300,14173604753600,37,1
Puzzle_21,Backtracking,No,115,2.12,26.71,0,0,0,0,0,0,0,0,N/A,N/A,0,00000000000000012901101000800003014001500901414210000008014416012653701301005000019001207100600600080000130004000706100080011015000000000001405110011650141312407900211010200125630110000141300001301401112641165001015118160013002007402060130101500000970410101551630080012014000190004126000012980020141075010160,N/A,14173624447100,14173624478200,31,1
Puzzle_21,ConstraintPropagation,Yes,115,2.12,26.71,25,28,22,24,44,22,44,28,137,140,4513624,00000000000000012901101000800003014001500901414210000008014416012653701301005000019001207100600600080000130004000706100080011015000000000001405110011650141312407900211010200125630110000141300001301401112641165001015118160013002007402060130101500000970410101551630080012014000190004126000012980020141075010160,61631014513298114711512912112107158113616341457151359314142101286111681144161112653715139102514281119134121571016631161315825161013912741441371661014128131151529151012934167614251113811656141312415798321111027412563111151610914138108913214711126411653151315118161091351426127432561213111015161144897134101715516311981421261411167198324126151051312981542614107513131611,14353636866100,14353636916000,49,1
Puzzle_21,DPLLSAT,Yes,115,2.12,26.71,2031,1939,1928,1938,1899,1899,2031,1947,9,4096,472456568,00000000000000012901101000800003014001500901414210000008014416012653701301005000019001207100600600080000130004000706100080011015000000000001405110011650141312407900211010200125630110000141300001301401112641165001015118160013002007402060130101500000970410101551630080012014000190004126000012980020141075010160,61021614315131811947512912115107286131643114157151339514142101281611681144161112653715132109511168151924123710136143612118141216151310794541479610135812111215316151312103416791465118211656141312415798321111027412563111101516914138108913214711126411651531315118161091351426127411236121381015161145497134101715516311981461221416571911324126151081312981542614107513131611,14353779918700,14353780263200,344,1
Puzzle_21,DLX,Yes,115,2.12,26.71,7,6,7,5,4,4,7,5,141,141,1435016,00000000000000012901101000800003014001500901414210000008014416012653701301005000019001207100600600080000130004000706100080011015000000000001405110011650141312407900211010200125630110000141300001301401112641165001015118160013002007402060130101500000970410101551630080012014000190004126000012980020141075010160,71631014513298114611512912112107158113616341456151359314142101287111681144161112653715139102514281119134121571016631161315825161013971241441371661014128131151529151012934167614251113811656141312415798321111027412563111151610914138108913214711126411653151315118161091351421267432561213111015161144897134101715516311981421261411167198324126151051312981542614107513131611,14363515735700,14363516261600,525,1
Puzzle_22,Backtracking,Yes,115,1.90,25.45,58431,57854,58628,58129,57755,57755,58628,58159,74914839,140,83332632,0815007110196403016006110080002300099010040101251316000000000060000000015800130300011060000000170090452118066000000113000416953040016128900000137412030100014080150001383001601027150500151411000420091310012001650001560000802141110120130018005060220100117161300050012030010000160400014000000401200011013010,13815121471110196423516146111612851415231310799710241513125131614116814531692613118107112415829131535471116612141011612141710139154521183661571021141131381241695311456161289101141521374129351076141281615111312138311916141027156514151411618425169131071231016571213156431118921411101241314318715596162291148117161363105415125313810621516124971141176161554912211411313810,14363546384900,14363546489600,104,1
Puzzle_22,ConstraintPropagation,Yes,115,1.90,25.45,187,107,101,104,72,72,187,114,545,140,82711016,0815007110196403016006110080002300099010040101251316000000000060000000015800130300011060000000170090452118066000000113000416953040016128900000137412030100014080150001383001601027150500151411000420091310012001650001560000802141110120130018005060220100117161300050012030010000160400014000000401200011013010,13815121471110196423516146111612851415231310799710241513125131614116814531692613118107112415815913235471116612141011612141710139154521183662710151141131381241695311456161289101141521374129351076141281615111312138311916141027156514151411618425169131071231016571213156431118921411101241314318715596162291148117161363105415125313810621516124971141176161554912211411313810,14654345478900,14654345783500,304,1
Puzzle_22,DPLLSAT,Yes,115,1.90,25.45,2114,1988,1971,1941,1895,1895,2114,1981,2,4096,587181488,0815007110196403016006110080002300099010040101251316000000000060000000015800130300011060000000170090452118066000000113000416953040016128900000137412030100014080150001383001601027150500151411000420091310012001650001560000802141110120130018005060220100117161300050012030010000160400014000000401200011013010,13815121471110196423516146111612851415231310799710241513125131614116814531692613118107112415829131535471116612141011612141710139154521183661571021141131381241695311456161289101141521374129351076141281615111312138311916141027156514151411618425169131071231016571213156431118921411101241314318715596162291148117161363105415125313810621516124971141176161554912211411313810,14654918476400,14654918765000,288,1
Puzzle_22,DLX,Yes,115,1.90,25.45,6,8,6,5,5,5,8,6,141,141,1442976,0815007110196403016006110080002300099010040101251316000000000060000000015800130300011060000000170090452118066000000113000416953040016128900000137412030100014080150001383001601027150500151411000420091310012001650001560000802141110120130018005060220100117161300050012030010000160400014000000401200011013010,13815121471110196423516146111612851415231310799710241513125131614116814531692613118107112415815913235471116612141011612141710139154521183662710151141131381241695311456161289101141521374129351076141281615111312138311916141027156514151411618425169131071231016571213156431118921411101241314918715536162291148117161363105415125313810621516124971141176161554312211411913810,14664828630600,14664828730300,99,1
Puzzle_23,Backtracking,Yes,115,1.86,25.19,14841,14569,14750,14773,14693,14569,14841,14725,20041016,140,81313128,154030000005000000600053012001300000001321500000650305201613712910003081401665014133480092001300100900500040011111500001000761413130091470121000110006000012002005011714070000300101612008001012701611090801200900000000047215161401101142461510000090100136000800301400001400300080900410008000131507140000110,15473168142115910131216861014453161217131511291129132151110164865143752111613712910151436814121665111413348110927151312108967531215416141111154851610297614131312391471512141316112810656131612982151451011714375154631413121612119810141012741611391581312569381112105161347215161416113114246151013512798107136161981112341451522145153117128691164101348129101315571421636111,14664860129600,14664860277100,147,1
Puzzle_23,ConstraintPropagation,Yes,115,1.86,25.19,551,324,337,327,327,324,551,373,2824,140,166592464,154030000005000000600053012001300000001321500000650305201613712910003081401665014133480092001300100900500040011111500001000761413130091470121000110006000012002005011714070000300101612008001012701611090801200900000000047215161401101142461510000090100136000800301400001400300080900410008000131507140000110,15473168142115910131216861014453161217131511291219132151110164865143752111613712910151436814116651114133481210927151312210896753115416141111154851610297614131312391471512141316112810651413161298215351011714675154631413121612119810610127416111491583125139381112105161347215161416113114246151013512798107136161981112341451522145153117128691613410148129101315571421166113,14738486240900,14738486305900,65,1
Puzzle_23,DPLLSAT,Yes,115,1.86,25.19,2015,1881,1855,1863,1845,1845,2015,1891,9,4096,477682416,154030000005000000600053012001300000001321500000650305201613712910003081401665014133480092001300100900500040011111500001000761413130091470121000110006000012002005011714070000300101612008001012701611090801200900000000047215161401101142461510000090100136000800301400001400300080900410008000131507140000110,15473168142115910131216861014453161217131511291129132151110164865143752111613712910151436814121665111413348110927151312108967531215416141111154851610297614131312391471512141316112810656131612982151451011714375154631413121612119810141012741611391581312569381112105161347215161416113114246151013512798107136161981112341451522145153117128691164101348129101315571421636111,14740353890900,14740354091900,201,1
Puzzle_23,DLX,Yes,115,1.86,25.19,10,10,6,6,6,6,10,7,614,141,1456160,154030000005000000600053012001300000001321500000650305201613712910003081401665014133480092001300100900500040011111500001000761413130091470121000110006000012002005011714070000300101612008001012701611090801200900000000047215161401101142461510000090100136000800301400001400300080900410008000131507140000110,15473168142115910131216861014453161217131511291219132151110164865143752111613712910151436814116651114133481210927151312210896753115416141111154851610297614131312391471512141316112810651413161298215351011714675154631413121612119810610127416111491581312539381112105161347215161416111211424615101353798107136161981112341451522145153117128691164101348391013155714216126111,14749814260200,14749814906400,646,1
Puzzle_24,Backtracking,Yes,115,2.05,26.26,89192,87076,87254,88947,87782,87076,89192,88050,133641249,140,137981272,15500060001487013001300001100000000610140040013120601000010120150000000205000140000501000111574901300401147601620001550161400000400091007600001216000008710030150000020160050102166011903841213110021401200154137030008139300011416010208731000040006001101620011706980013120000014500001101200800041110982030140000,15511936216101487413112133271114145121615986101481047513122691311151616121615810934131121457216141612951310381115749111312841511476516210331558161471012114126139104761321131216159151487106341511385122141691151411521667119103841213119162141012861541371354128139351171141615102687310121144161326591115162155117369811013124146191451316154117121038212134111098215351467161,14749853407800,14749853584500,176,1
Puzzle_24,ConstraintPropagation,Yes,115,2.05,26.26,58,17,23,19,20,17,58,27,41,140,3466416,15500060001487013001300001100000000610140040013120601000010120150000000205000140000501000111574901300401147601620001550161400000400091007600001216000008710030150000020160050102166011903841213110021401200154137030008139300011416010208731000040006001101620011706980013120000014500001101200800041110982030140000,15511946216101487313112133216711114155129486101481043513121662191115716127158109341311214516216141612951310381115749111312843114761516210531558161471012114126139104761321115121695131487106311541381252141691151411521667119103841213119162141012861541375314128139351171141615102687310121164213156591114162155117146981101312436191451315341116121078212134111098253714611615,15190104632000,15190104699400,67,1
Puzzle_24,DPLLSAT,Yes,115,2.05,26.26,2321,2137,2183,2288,2303,2137,2321,2246,13,4096,472915096,15500060001487013001300001100000000610140040013120601000010120150000000205000140000501000111574901300401147601620001550161400000400091007600001216000008710030150000020160050102166011903841213110021401200154137030008139300011416010208731000040006001101620011706980013120000014500001101200800041110982030140000,15511936216101487413112133271114145121615986101481047513122691311151616121615810934131121457216141612951310381115749111312841511476516210331558161471012114126139104761321131216159151487106341511385122141691151411521667119103841213119162141012861541371354128139351171141615102687310121144161326591115162155117369811013124146191451316154117121038212134111098215351467161,15190242577200,15190242701500,124,1
Puzzle_24,DLX,Yes,115,2.05,26.26,24,14,10,8,7,7,24,12,261,141,1468336,15500060001487013001300001100000000610140040013120601000010120150000000205000140000501000111574901300401147601620001550161400000400091007600001216000008710030150000020160050102166011903841213110021401200154137030008139300011416010208731000040006001101620011706980013120000014500001101200800041110982030140000,15511164629101487313112133297111141512165486101481043513122691151116716127158101613431129514216141612953101381115749111312843114761516210531558161471012114126139104761321115121659131487106311541385122141691151411521667119103841213119162141012861541375314128139351171141661021587310121164513156914112162155117146981101312436191451315341121210781612134111098216371451156,15201474805700,15201474910700,105,1
Puzzle_25,Backtracking,Yes,115,1.95,25.72,24359,25164,13414,13478,13461,13414,25164,17975,15492440,140,106370912,820101100133600070000014001000974006000312200015000913111670409160012013000000413100000530161510120001610000000001314500901216101131100080150121100801614204097110140000721200001556318139012140071004000150160100040001400920151401100010812001000415080605071005000000107001501601200060110016150000000040030010001426,82910111512133611614754161351438101119742126151631227144158105913111671141591665122131481031241311411769538161510123861612915741210115131451479412161011311156382151012115138316142641971116141310347212891615563181392121415571016411101215516618131143721494927151451161016138121314116212415983613511710951168113210714121541631271036511144161521391813158471031651911121426,15201539007200,15201539343800,336,1
Puzzle_25,ConstraintPropagation,Yes,115,1.95,25.72,126,72,64,57,58,57,126,75,330,140,67460112,820101100133600070000014001000974006000312200015000913111670409160012013000000413100000530161510120001610000000001314500901216101131100080150121100801614204097110140000721200001556318139012140071004000150160100040001400920151401100010812001000415080605071005000000107001501601200060110016150000000040030010001426,82910111512133611614754161351438101119742126151631227144158105913111671141591665122131481031241311411769538161510123861612915741210115131451479412161011311156382151012115138316142641971116141310347212891615563181392121415571016411101215516618131143721494927151451161016138121314116212415983613511710951168113210714121541631271036511144161521391813158471031651911121426,15291415839000,15291415936100,97,1
Puzzle_25,DPLLSAT,Yes,115,1.95,25.72,2015,1923,1900,1905,1897,1897,2015,1928,1,4096,449384840,820101100133600070000014001000974006000312200015000913111670409160012013000000413100000530161510120001610000000001314500901216101131100080150121100801614204097110140000721200001556318139012140071004000150160100040001400920151401100010812001000415080605071005000000107001501601200060110016150000000040030010001426,82910111512133611614754161351438101119742126151631227144158105913111671141591665122131481031241311411769538161510123861612915741210115131451479412161011311156382151012115138316142641971116141310347212891615563181392121415571016411101215516618131143721494927151451161016138121314116212415983613511710951168113210714121541631271036511144161521391813158471031651911121426,15291793502300,15291793965300,463,1
Puzzle_25,DLX,Yes,115,1.95,25.72,9,5,5,5,6,5,9,6,141,141,1465648,820101100133600070000014001000974006000312200015000913111670409160012013000000413100000530161510120001610000000001314500901216101131100080150121100801614204097110140000721200001556318139012140071004000150160100040001400920151401100010812001000415080605071005000000107001501601200060110016150000000040030010001426,82910111512133611614754161351438101119742126151631227144158105913111671141591665122131481031241311411967538161510123861612715941210115131451479412161011311156382151012115138316142641971116141310347212891615563181392121415571016411101215516618131143721494927151451161016138121314116212415983613511710951168113210714121541631271036511144161521391813158471031651911121426,15301436243500,15301436488000,244,1
Puzzle_26,Backtracking,No,115,2.21,27.20,0,0,0,0,0,0,0,0,N/A,N/A,0,13000109156207014160000040000500300027028350141600000000516040101514000371360016111314873009101211000009150012000081814060000000010050120000200118071340200000800000050000001604008601300001000912531150004110070000131100000001600000100100150160390609201016120514150111201310815110000140700004151330986110201014,N/A,15301467678700,15301467748600,69,1
Puzzle_26,ConstraintPropagation,Yes,115,2.21,27.20,101,62,41,49,42,41,101,59,255,140,27078304,13000109156207014160000040000500300027028350141600000000516040101514000371360016111314873009101211000009150012000081814060000000010050120000200118071340200000800000050000001604008601300001000912531150004110070000131100000001600000100100150160390609201016120514150111201310815110000140700004151330986110201014,13311110915621278141654151464781613510131211927928351214161341110611510516124111215149683713645161113148732109115121113102579156112431416818147643121391615111025912153116210141185713462111131468741610915512331512516241118671391410161081491253115132641174796151013113514121281614271112165104151316839863921410161275141513111216131081511492314576151415133798611162121014,15481471343400,15481471416300,72,1
Puzzle_26,DPLLSAT,Yes,115,2.21,27.20,2022,1912,1861,1875,1859,1859,2022,1905,12,4096,436887152,13000109156207014160000040000500300027028350141600000000516040101514000371360016111314873009101211000009150012000081814060000000010050120000200118071340200000800000050000001604008601300001000912531150004110070000131100000001600000100100150160390609201016120514150111201310815110000140700004151330986110201014,13311110915621278141654914124711161351013156827152835121416134611191010516648121514911123713641516111314873105912121121013579156112431416818147643121316291110155312951162101411815713462131131468149167105121515951161047118612132143161061491253115132841174781215213113514106911614117212165104151316839863921410161275141513111216131081511492314576151415133798611162121014,15481768341100,15481768739100,398,1
Puzzle_26,DLX,Yes,115,2.21,27.20,6,7,6,4,5,4,7,5,141,141,1476656,13000109156207014160000040000500300027028350141600000000516040101514000371360016111314873009101211000009150012000081814060000000010050120000200118071340200000800000050000001604008601300001000912531150004110070000131100000001600000100100150160390609201016120514150111201310815110000140700004151330986110201014,13111310915621278141654151412471116135101386927928351214161346151111010516648121514911123713641516111314873105912121113102579156112431416818147643121316291110155312951162101411815713462151113146874916101512393512161041118671321415161081491253115132641174761152131135141210981614271112165104151316839863921410161275141513111216131081511492314576151415133798611162121014,15491298044300,15491298148900,104,1
Puzzle_27,Backtracking,Yes,115,1.75,24.62,178838,179073,177984,177412,179314,177412,179314,178524,204550901,140,119274136,13085031216910046021000615020513110130920000100300000130150110130090006161070002118010001200131614076301221000414015000100140000800001200013150140000001100000120150600043901100030000500060001501120400010075129001600002031508101312040654001001001400080901605014070010013601400103084060070003000016011421200100,13148510312169171546112101676158214513114131292491261117310168514131515111313549121426161078192118410561215313161477631612211310541481591141051411159381613761221121315814716629111104535121015166781443921111383113495121611621471510112641141310157512983161671492113151810131254665427101511331416119812911161512142715810313641415121031384116917216538137916611421251511014,15491327234200,15491327343900,109,1
Puzzle_27,ConstraintPropagation,Yes,115,1.75,24.62,72,26,31,28,33,26,72,38,60,140,11906432,13085031216910046021000615020513110130920000100300000130150110130090006161070002118010001200131614076301221000414015000100140000800001200013150140000001100000120150600043901100030000500060001501120400010075129001600002031508101312040654001001001400080901605014070010013601400103084060070003000016011421200100,13148510312169115746112101676158214513114131292491261117310168514131515111313549121426161078492118151056127313161417638122113169414111510511051411416381513261297121315161479610511184235121015166782439141111383141349512111661271510112641141310157512983161671921131514810131254665427101511311141639812911161512142738101513641415121031384169572161138137916611421215101514,16383948300800,16383948425800,125,1
Puzzle_27,DPLLSAT,Yes,115,1.75,24.62,2143,2105,2001,1992,2005,1992,2143,2049,10,4096,488191328,13085031216910046021000615020513110130920000100300000130150110130090006161070002118010001200131614076301221000414015000100140000800001200013150140000001100000120150600043901100030000500060001501120400010075129001600002031508101312040654001001001400080901605014070010013601400103084060070003000016011421200100,13148510312169171546112101676158214513114131292491261117310168514131515111313549121426161078192118410561215313161477631612211310541481591141051411159381613761221121315814716629111104535121015166781443921111383113495121611621471510112641141310157512983161671492113151810131254665427101511331416119812911161512142715810313641415121031384116917216538137916611421251511014,16384140216900,16384140516000,299,1
Puzzle_27,DLX,Yes,115,1.75,24.62,8,9,7,4,6,4,9,6,141,141,1479552,13085031216910046021000615020513110130920000100300000130150110130090006161070002118010001200131614076301221000414015000100140000800001200013150140000001100000120150600043901100030000500060001501120400010075129001600002031508101312040654001001001400080901605014070010013601400103084060070003000016011421200100,13148510312169115746112101676158214513114131292491211167310168514131515111313549121426161078492118151056127313161417631612211310941481551111051494113816131561227121315814716625111104935121015166781443921111383113495121611621471510112641141310157512983161671492113151810131254665427101511331416119812911161512142715810313641415121031384116917216538137616911421251511014,16394388375800,16394388658500,282,1
Puzzle_28,Backtracking,No,115,1.97,25.80,0,0,0,0,0,0,0,0,N/A,N/A,0,006081300001500140100140300150000070000158000111210270006001012110000800001501160012049816000501501300014160701090040050000130011016100300960000000016011752000860000003000001319100001405200041400230600013001181171600013034100115961000042016009000012020010403001005791015131180014101201600054971201308215006,N/A,16394422827900,16394423105400,277,1
Puzzle_28,ConstraintPropagation,Yes,115,1.97,25.80,45,19,13,12,33,12,45,24,25,140,3476104,006081300001500140100140300150000070000158000111210270006001012110000800001501160012049816000501501300014160701090040050000130011016100300960000000016011752000860000003000001319100001405200041400230600013001181171600013034100115961000042016009000012020010403001005791015131180014101201600054971201308215006,21667813543121511114910414132161510913611712589158514111121027431661313101211637985161441521167212114981613310514151513111314165781092641210541471513612112161983389612102114451516131175215948671111213143101612631319101116151485274141410162315679513812118117165121413234106115961138105421516111297314111216215611449378101357910151311835141612416214354971216131082151116,16574427297200,16574427364800,67,1
Puzzle_28,DPLLSAT,Yes,115,1.97,25.80,2056,2003,1968,1959,1997,1959,2056,1996,7,4096,409404976,006081300001500140100140300150000070000158000111210270006001012110000800001501160012049816000501501300014160701090040050000130011016100300960000000016011752000860000003000001319100001405200041400230600013001181171600013034100115961000042016009000012020010403001005791015131180014101201600054971201308215006,11667813593415121114210214431011569131611712589158514311121027141661313101211216748561431591167212114981613310514153131111514165781092641245151476131012112161983108963122114155416131175219486715121113143101615631319101116714852124124141016231561951387118117161251413234106115961138510421116121597314111216261511449378101357910151311835141612416214354971216131082151116,16574549948000,16574549995400,47,1
Puzzle_28,DLX,Yes,115,1.97,25.80,4,5,5,4,4,4,5,4,141,141,1477160,006081300001500140100140300150000070000158000111210270006001012110000800001501160012049816000501501300014160701090040050000130011016100300960000000016011752000860000003000001319100001405200041400230600013001181171600013034100115961000042016009000012020010403001005791015131180014101201600054971201308215006,21667813543121511114910114432161510913611712589158531111210271441661313101211146798516431521167212114981613314510153131111514165781092641245151471013612112161983108961232114451516131175219486151171213103141612631319101116151485274154141016237619513812118117165121413234106115961138105421516111297314111216261511449378101357910151311835141612416214354971216131082151116,16584533536200,16584533578600,42,1
Puzzle_29,Backtracking,Yes,115,1.90,25.40,17158,17084,17214,17203,17359,17084,17359,17203,26172669,140,129479480,0080019000111300150000000000012060001021214013110001500090013010270300001401160350000000013100716150091413005001260101214804100016600000007001105150103149168004000000301500000021150840141121506901013201500498716111490015006002008350050164000012001081400100006013815316100070061601404002001251100001000500004130,47831019161461113521512151116914543211210678131021214813116167155419351361152712384916141011693511621512118141310471615111091413875241263113121483410791661115215147261112515131031491688647119161413351521211031621157841014112151369121513231510649871611149141015131261112167835425131641539112711108146141094126513815316111727316168141141013291512511815127101259146341316,16584555736300,16584555772600,36,1
Puzzle_29,ConstraintPropagation,Yes,115,1.90,25.40,34,19,14,13,11,11,34,18,6,140,3579064,0080019000111300150000000000012060001021214013110001500090013010270300001401160350000000013100716150091413005001260101214804100016600000007001105150103149168004000000301500000021150840141121506901013201500498716111490015006002008350050164000012001081400100006013815316100070061601404002001251100001000500004130,47831019161461113521512151116914543211210678131021214813116167155419351361152712384916141011693511621512118141310471615111091413875241263113121483410791661115215147261112515131031491688647119161413351521211031621157841014112151369121513231510649871611149141015131261112167835425131641539112711108146141094126513815316111727316168141141013291512511815127101259146341316,16670574095000,16670574221600,126,1
Puzzle_29,DPLLSAT,Yes,115,1.90,25.40,2028,1854,1839,1880,1880,1839,2028,1896,2,4096,564119984,0080019000111300150000000000012060001021214013110001500090013010270300001401160350000000013100716150091413005001260101214804100016600000007001105150103149168004000000301500000021150840141121506901013201500498716111490015006002008350050164000012001081400100006013815316100070061601404002001251100001000500004130,47831019161461113521512151116914543211210678131021214813116167155419351361152712384916141011693511621512118141310471615111091413875241263113121483410791661115215147261112515131031491688647119161413351521211031621157841014112151369121513231510649871611149141015131261112167835425131641539112711108146141094126513815316111727316168141141013291512511815127101259146341316,16670666348300,16670666468700,120,1
Puzzle_29,DLX,Yes,115,1.90,25.40,7,6,7,5,5,5,7,6,141,141,1488680,0080019000111300150000000000012060001021214013110001500090013010270300001401160350000000013100716150091413005001260101214804100016600000007001105150103149168004000000301500000021150840141121506901013201500498716111490015006002008350050164000012001081400100006013815316100070061601404002001251100001000500004130,47831019161461113521512151116914543271210618131021214813116161155479351361152712384916141011693511621512118141310471615111091413875241263113121483410791661115215147261112515131031491688647139161411351521211031621157841014112151369121513231510649871611149141015111261132167835425131641539112711108146141094126513815316111727316168141141013291512511815127101259146341316,16680147174800,16680147260300,85,1
Puzzle_30,Backtracking,No,115,2.26,27.48,0,0,0,0,0,0,0,0,N/A,N/A,0,0113000000105150012141062160157300084007014400002110803010150000011001400016000140701513000031210916800001400729151030912067016080010420131341000300145121170000000000001601308000000016013001700001000508096041101606130000152030009000760150000000000001015001301248301650000000805110020151065090611041001431220,N/A,16680179220100,16680179335600,115,1
Puzzle_30,ConstraintPropagation,Yes,115,2.26,27.48,189,86,99,70,60,60,189,100,313,140,62404312,0113000000105150012141062160157300084007014400002110803010150000011001400016000140701513000031210916800001400729151030912067016080010420131341000300145121170000000000001601308000000016013001700001000508096041101606130000152030009000760150000000000001015001301248301650000000805110020151065090611041001431220,11113382416610515971214106216141573913128415117514413912152111686311015912836111071441516132214571015138164631211191681111241461372915103591236751611811510421413134101593211451211768161215491761410161113285331185416913152171014612127105128396144111316156131614111015212385197487621514395121016131141141015112131124836165974311216875111392141510651691361110411571431228,16860182953500,16860183141100,187,1
Puzzle_30,DPLLSAT,Yes,115,2.26,27.48,2079,1995,1943,1935,1890,1890,2079,1968,9,4096,466648552,0113000000105150012141062160157300084007014400002110803010150000011001400016000140701513000031210916800001400729151030912067016080010420131341000300145121170000000000001601308000000016013001700001000508096041101606130000152030009000760150000000000001015001301248301650000000805110020151065090611041001431220,31131182416610515971214106216141573913128411157514413912152111686311015912836111071441216135214117101513816463121591681512414613729151031191236751611811510421413134101513291451211768161425947611216111310815341183916101315217514612115710512839614411131626131612111415210385197487621510314512916131141111015142131124836165971234116895111372141510651691361174115101431228,16860689390100,16860689483300,93,1
Puzzle_30,DLX,Yes,115,2.26,27.48,4,4,4,3,5,3,5,4,182,141,1500920,0113000000105150012141062160157300084007014400002110803010150000011001400016000140701513000031210916800001400729151030912067016080010420131341000300145121170000000000001601308000000016013001700001000508096041101606130000152030009000760150000000000001015001301248301650000000805110020151065090611041001431220,11113382416610515971214106216141573139128415117914413126152111685311015581239111071441616132214571015138164631211191681111241461372915103591236751611811510421413134101513291451211768163157946114101611132851281145916121315217101463121210578396144111316156131614111015212385197412762151431591016131148141015112137124836165914311316895111272141510651698611104115131431227,16870531686500,16870531760900,74,1
